imageID,label,cell_shape,nucleus_shape,cytoplasm_vacuole
Img_05001,Neutrophil,irregular,unsegmented-band,yes
Img_05002,Lymphocyte,round,unsegmented-round,no
Img_05003,Monocyte,round,unsegmented-indented,no
Img_05004,Eosinophil,round,segmented-multilobed,no
Img_05005,Eosinophil,irregular,segmented-bilobed,no
Img_05006,Lymphocyte,round,unsegmented-round,no
Img_05007,Basophil,irregular,irregular,no
Img_05008,Neutrophil,round,segmented-multilobed,no
Img_05009,Basophil,irregular,irregular,no
Img_05010,Eosinophil,round,unsegmented-band,no
Img_05011,Eosinophil,round,segmented-bilobed,no
Img_05012,Lymphocyte,round,unsegmented-round,no
Img_05013,Neutrophil,irregular,unsegmented-band,no
Img_05014,Eosinophil,round,segmented-bilobed,no
Img_05015,Monocyte,round,unsegmented-indented,no
Img_05016,Eosinophil,round,segmented-bilobed,no
Img_05017,Neutrophil,round,unsegmented-band,no
Img_05018,Neutrophil,round,unsegmented-band,no
Img_05019,Eosinophil,round,segmented-multilobed,no
Img_05020,Monocyte,irregular,irregular,yes
Img_05021,Basophil,round,irregular,no
Img_05022,Eosinophil,round,segmented-bilobed,no
Img_05023,Neutrophil,round,unsegmented-band,no
Img_05024,Eosinophil,round,segmented-bilobed,no
Img_05025,Neutrophil,round,unsegmented-band,no
Img_05026,Monocyte,irregular,unsegmented-indented,yes
Img_05027,Basophil,round,irregular,no
Img_05028,Neutrophil,round,unsegmented-band,no
Img_05029,Basophil,round,irregular,no
Img_05030,Monocyte,irregular,unsegmented-indented,yes
Img_05031,Neutrophil,round,unsegmented-band,no
Img_05032,Monocyte,round,unsegmented-indented,yes
Img_05033,Neutrophil,irregular,unsegmented-band,no
Img_05034,Basophil,irregular,irregular,no
Img_05035,Neutrophil,round,unsegmented-band,no
Img_05036,Eosinophil,round,segmented-bilobed,no
Img_05037,Lymphocyte,irregular,unsegmented-round,no
Img_05038,Basophil,round,irregular,no
Img_05039,Eosinophil,round,segmented-bilobed,no
Img_05040,Neutrophil,irregular,unsegmented-band,no
Img_05041,Neutrophil,irregular,unsegmented-band,no
Img_05042,Monocyte,irregular,unsegmented-indented,yes
Img_05043,Eosinophil,round,segmented-bilobed,no
Img_05044,Basophil,round,irregular,no
Img_05045,Eosinophil,round,segmented-bilobed,no
Img_05046,Neutrophil,round,unsegmented-band,no
Img_05047,Neutrophil,round,unsegmented-band,no
Img_05048,Basophil,round,irregular,no
Img_05049,Monocyte,round,unsegmented-indented,no
Img_05050,Basophil,round,irregular,no
Img_05051,Neutrophil,round,unsegmented-band,no
Img_05052,Neutrophil,round,unsegmented-band,no
Img_05053,Neutrophil,round,unsegmented-band,no
Img_05054,Lymphocyte,round,unsegmented-round,no
Img_05055,Monocyte,round,unsegmented-indented,no
Img_05056,Basophil,round,irregular,no
Img_05057,Eosinophil,round,segmented-bilobed,no
Img_05058,Eosinophil,round,segmented-multilobed,no
Img_05059,Neutrophil,round,unsegmented-band,no
Img_05060,Lymphocyte,round,unsegmented-round,no
Img_05061,Eosinophil,round,segmented-bilobed,no
Img_05062,Neutrophil,round,unsegmented-band,no
Img_05063,Basophil,round,irregular,no
Img_05064,Eosinophil,round,segmented-bilobed,no
Img_05065,Neutrophil,round,unsegmented-band,yes
Img_05066,Neutrophil,round,unsegmented-band,no
Img_05067,Neutrophil,round,unsegmented-band,no
Img_05068,Neutrophil,round,segmented-multilobed,no
Img_05069,Lymphocyte,round,unsegmented-round,no
Img_05070,Lymphocyte,round,unsegmented-round,no
Img_05071,Eosinophil,round,segmented-bilobed,no
Img_05072,Eosinophil,round,segmented-bilobed,no
Img_05073,Neutrophil,round,segmented-multilobed,no
Img_05074,Eosinophil,round,segmented-bilobed,no
Img_05075,Basophil,round,irregular,no
Img_05076,Eosinophil,round,segmented-bilobed,no
Img_05077,Eosinophil,round,segmented-bilobed,no
Img_05078,Neutrophil,round,unsegmented-band,no
Img_05079,Basophil,round,irregular,no
Img_05080,Neutrophil,irregular,unsegmented-band,no
Img_05081,Monocyte,round,unsegmented-indented,no
Img_05082,Neutrophil,round,unsegmented-band,no
Img_05083,Eosinophil,round,segmented-multilobed,no
Img_05084,Eosinophil,round,segmented-bilobed,no
Img_05085,Monocyte,round,unsegmented-indented,no
Img_05086,Monocyte,irregular,irregular,yes
Img_05087,Neutrophil,irregular,unsegmented-band,no
Img_05088,Monocyte,irregular,irregular,yes
Img_05089,Basophil,round,irregular,no
Img_05090,Monocyte,round,unsegmented-indented,no
Img_05091,Neutrophil,round,unsegmented-band,no
Img_05092,Lymphocyte,round,unsegmented-round,no
Img_05093,Neutrophil,round,unsegmented-band,no
Img_05094,Neutrophil,round,unsegmented-band,no
Img_05095,Monocyte,irregular,unsegmented-indented,yes
Img_05096,Eosinophil,round,segmented-bilobed,no
Img_05097,Monocyte,irregular,unsegmented-indented,yes
Img_05098,Eosinophil,round,segmented-bilobed,no
Img_05099,Monocyte,irregular,unsegmented-indented,yes
Img_05100,Eosinophil,round,segmented-multilobed,no
Img_05101,Eosinophil,irregular,segmented-bilobed,no
Img_05102,Neutrophil,irregular,segmented-multilobed,no
Img_05103,Eosinophil,round,segmented-bilobed,no
Img_05104,Neutrophil,round,unsegmented-band,no
Img_05105,Neutrophil,irregular,unsegmented-band,no
Img_05106,Monocyte,irregular,irregular,yes
Img_05107,Basophil,round,irregular,no
Img_05108,Eosinophil,round,segmented-bilobed,no
Img_05109,Eosinophil,irregular,unsegmented-band,yes
Img_05110,Eosinophil,round,segmented-bilobed,no
Img_05111,Neutrophil,round,unsegmented-band,no
Img_05112,Eosinophil,round,segmented-bilobed,no
Img_05113,Eosinophil,round,unsegmented-band,no
Img_05114,Lymphocyte,irregular,unsegmented-round,no
Img_05115,Eosinophil,irregular,irregular,yes
Img_05116,Eosinophil,round,segmented-bilobed,no
Img_05117,Neutrophil,round,segmented-multilobed,no
Img_05118,Eosinophil,round,segmented-multilobed,no
Img_05119,Neutrophil,round,unsegmented-band,no
Img_05120,Eosinophil,round,segmented-bilobed,no
Img_05121,Eosinophil,round,segmented-multilobed,no
Img_05122,Neutrophil,round,unsegmented-band,no
Img_05123,Lymphocyte,round,unsegmented-round,no
Img_05124,Monocyte,irregular,irregular,yes
Img_05125,Neutrophil,round,unsegmented-band,no
Img_05126,Monocyte,irregular,unsegmented-indented,yes
Img_05127,Eosinophil,round,segmented-bilobed,no
Img_05128,Eosinophil,round,segmented-bilobed,no
Img_05129,Eosinophil,round,segmented-bilobed,no
Img_05130,Neutrophil,round,unsegmented-band,no
Img_05131,Neutrophil,round,segmented-multilobed,no
Img_05132,Neutrophil,round,unsegmented-band,no
Img_05133,Neutrophil,round,unsegmented-band,no
Img_05134,Monocyte,round,unsegmented-indented,yes
Img_05135,Lymphocyte,round,unsegmented-round,no
Img_05136,Eosinophil,round,unsegmented-band,yes
Img_05137,Basophil,round,irregular,no
Img_05138,Lymphocyte,round,unsegmented-round,no
Img_05139,Lymphocyte,irregular,unsegmented-round,no
Img_05140,Basophil,round,irregular,no
Img_05141,Eosinophil,round,segmented-multilobed,no
Img_05142,Neutrophil,irregular,segmented-multilobed,no
Img_05143,Neutrophil,round,unsegmented-band,no
Img_05144,Neutrophil,irregular,unsegmented-band,no
Img_05145,Monocyte,round,unsegmented-indented,yes
Img_05146,Monocyte,irregular,irregular,yes
Img_05147,Lymphocyte,round,unsegmented-round,no
Img_05148,Lymphocyte,irregular,unsegmented-round,no
Img_05149,Basophil,round,irregular,no
Img_05150,Monocyte,irregular,unsegmented-indented,yes
Img_05151,Eosinophil,irregular,segmented-multilobed,no
Img_05152,Monocyte,irregular,irregular,yes
Img_05153,Eosinophil,round,segmented-bilobed,no
Img_05154,Neutrophil,round,unsegmented-band,no
Img_05155,Eosinophil,round,segmented-bilobed,no
Img_05156,Lymphocyte,round,unsegmented-round,no
Img_05157,Lymphocyte,irregular,unsegmented-round,no
Img_05158,Neutrophil,irregular,unsegmented-band,no
Img_05159,Neutrophil,round,unsegmented-band,no
Img_05160,Basophil,round,irregular,no
Img_05161,Neutrophil,round,unsegmented-band,no
Img_05162,Lymphocyte,round,unsegmented-round,no
Img_05163,Eosinophil,round,segmented-bilobed,no
Img_05164,Lymphocyte,round,unsegmented-round,no
Img_05165,Neutrophil,round,unsegmented-band,no
Img_05166,Lymphocyte,round,unsegmented-round,no
Img_05167,Eosinophil,round,segmented-bilobed,no
Img_05168,Neutrophil,round,unsegmented-band,no
Img_05169,Neutrophil,round,unsegmented-band,no
Img_05170,Eosinophil,round,segmented-bilobed,no
Img_05171,Neutrophil,irregular,irregular,yes
Img_05172,Neutrophil,irregular,segmented-multilobed,no
Img_05173,Eosinophil,round,segmented-bilobed,no
Img_05174,Monocyte,irregular,unsegmented-indented,yes
Img_05175,Basophil,round,irregular,no
Img_05176,Lymphocyte,round,unsegmented-round,no
Img_05177,Basophil,round,irregular,no
Img_05178,Eosinophil,round,segmented-bilobed,no
Img_05179,Monocyte,irregular,irregular,yes
Img_05180,Basophil,round,irregular,no
Img_05181,Eosinophil,round,segmented-bilobed,no
Img_05182,Neutrophil,round,unsegmented-band,no
Img_05183,Eosinophil,round,segmented-bilobed,no
Img_05184,Monocyte,irregular,irregular,yes
Img_05185,Basophil,round,irregular,no
Img_05186,Eosinophil,round,segmented-multilobed,no
Img_05187,Lymphocyte,round,unsegmented-round,no
Img_05188,Lymphocyte,round,unsegmented-round,no
Img_05189,Neutrophil,irregular,segmented-multilobed,no
Img_05190,Eosinophil,round,segmented-bilobed,no
Img_05191,Eosinophil,round,segmented-bilobed,no
Img_05192,Neutrophil,irregular,unsegmented-band,no
Img_05193,Basophil,round,irregular,no
Img_05194,Basophil,round,irregular,no
Img_05195,Eosinophil,round,segmented-multilobed,no
Img_05196,Basophil,irregular,irregular,no
Img_05197,Neutrophil,round,segmented-multilobed,no
Img_05198,Eosinophil,round,segmented-bilobed,no
Img_05199,Monocyte,irregular,unsegmented-indented,no
Img_05200,Eosinophil,round,segmented-bilobed,no
Img_05201,Neutrophil,round,unsegmented-band,no
Img_05202,Eosinophil,round,segmented-bilobed,no
Img_05203,Neutrophil,round,unsegmented-band,no
Img_05204,Basophil,irregular,irregular,no
Img_05205,Neutrophil,round,unsegmented-band,no
Img_05206,Eosinophil,round,unsegmented-band,no
Img_05207,Monocyte,round,unsegmented-indented,yes
Img_05208,Neutrophil,round,segmented-multilobed,no
Img_05209,Eosinophil,round,segmented-bilobed,no
Img_05210,Neutrophil,round,unsegmented-band,no
Img_05211,Neutrophil,round,unsegmented-band,no
Img_05212,Monocyte,irregular,unsegmented-indented,yes
Img_05213,Lymphocyte,round,unsegmented-round,no
Img_05214,Neutrophil,round,unsegmented-band,no
Img_05215,Neutrophil,round,unsegmented-band,no
Img_05216,Neutrophil,round,unsegmented-band,no
Img_05217,Neutrophil,round,unsegmented-band,no
Img_05218,Basophil,round,irregular,no
Img_05219,Eosinophil,round,segmented-bilobed,no
Img_05220,Neutrophil,round,unsegmented-band,no
Img_05221,Lymphocyte,round,unsegmented-round,no
Img_05222,Eosinophil,round,segmented-bilobed,no
Img_05223,Eosinophil,round,segmented-bilobed,no
Img_05224,Neutrophil,round,unsegmented-band,no
Img_05225,Basophil,round,irregular,no
Img_05226,Neutrophil,round,unsegmented-band,no
Img_05227,Monocyte,irregular,irregular,yes
Img_05228,Neutrophil,round,unsegmented-band,no
Img_05229,Monocyte,irregular,unsegmented-indented,yes
Img_05230,Basophil,round,irregular,no
Img_05231,Monocyte,irregular,unsegmented-indented,yes
Img_05232,Eosinophil,round,segmented-bilobed,no
Img_05233,Eosinophil,round,segmented-multilobed,no
Img_05234,Monocyte,irregular,unsegmented-indented,yes
Img_05235,Monocyte,irregular,irregular,yes
Img_05236,Neutrophil,irregular,unsegmented-band,no
Img_05237,Eosinophil,round,segmented-bilobed,no
Img_05238,Neutrophil,round,unsegmented-band,no
Img_05239,Eosinophil,round,segmented-bilobed,no
Img_05240,Eosinophil,round,segmented-bilobed,no
Img_05241,Lymphocyte,round,unsegmented-round,no
Img_05242,Eosinophil,round,segmented-bilobed,no
Img_05243,Eosinophil,irregular,segmented-multilobed,no
Img_05244,Neutrophil,round,unsegmented-band,no
Img_05245,Neutrophil,round,unsegmented-band,no
Img_05246,Eosinophil,round,segmented-multilobed,no
Img_05247,Lymphocyte,round,unsegmented-round,no
Img_05248,Basophil,irregular,segmented-multilobed,no
Img_05249,Eosinophil,round,segmented-bilobed,no
Img_05250,Lymphocyte,round,unsegmented-round,no
Img_05251,Neutrophil,irregular,segmented-multilobed,no
Img_05252,Neutrophil,round,unsegmented-band,no
Img_05253,Basophil,round,irregular,no
Img_05254,Basophil,round,irregular,no
Img_05255,Neutrophil,round,unsegmented-band,no
Img_05256,Neutrophil,round,unsegmented-band,no
Img_05257,Eosinophil,round,segmented-bilobed,no
Img_05258,Neutrophil,round,unsegmented-band,no
Img_05259,Eosinophil,round,segmented-bilobed,no
Img_05260,Eosinophil,round,segmented-bilobed,no
Img_05261,Eosinophil,round,segmented-bilobed,no
Img_05262,Eosinophil,round,segmented-bilobed,no
Img_05263,Neutrophil,irregular,unsegmented-band,no
Img_05264,Monocyte,irregular,irregular,yes
Img_05265,Neutrophil,round,unsegmented-band,no
Img_05266,Neutrophil,round,unsegmented-band,no
Img_05267,Eosinophil,round,segmented-bilobed,no
Img_05268,Monocyte,round,unsegmented-indented,yes
Img_05269,Lymphocyte,round,unsegmented-round,no
Img_05270,Lymphocyte,irregular,unsegmented-round,no
Img_05271,Neutrophil,irregular,unsegmented-band,no
Img_05272,Eosinophil,round,segmented-bilobed,no
Img_05273,Neutrophil,irregular,unsegmented-band,yes
Img_05274,Basophil,irregular,irregular,no
Img_05275,Monocyte,round,unsegmented-indented,no
Img_05276,Eosinophil,round,segmented-bilobed,no
Img_05277,Eosinophil,round,segmented-bilobed,no
Img_05278,Lymphocyte,round,unsegmented-round,no
Img_05279,Monocyte,irregular,irregular,yes
Img_05280,Eosinophil,round,segmented-multilobed,no
Img_05281,Eosinophil,round,segmented-multilobed,no
Img_05282,Basophil,round,irregular,no
Img_05283,Neutrophil,irregular,segmented-multilobed,no
Img_05284,Eosinophil,round,segmented-bilobed,no
Img_05285,Monocyte,irregular,unsegmented-indented,yes
Img_05286,Neutrophil,irregular,unsegmented-band,no
Img_05287,Monocyte,irregular,irregular,yes
Img_05288,Neutrophil,round,unsegmented-band,no
Img_05289,Basophil,round,irregular,no
Img_05290,Neutrophil,round,unsegmented-band,no
Img_05291,Neutrophil,round,segmented-multilobed,no
Img_05292,Lymphocyte,round,unsegmented-round,no
Img_05293,Neutrophil,round,unsegmented-band,no
Img_05294,Lymphocyte,round,unsegmented-round,no
Img_05295,Eosinophil,round,segmented-bilobed,no
Img_05296,Neutrophil,round,unsegmented-band,no
Img_05297,Eosinophil,round,segmented-bilobed,no
Img_05298,Basophil,round,irregular,no
Img_05299,Lymphocyte,irregular,unsegmented-round,no
Img_05300,Lymphocyte,irregular,unsegmented-round,no
Img_05301,Basophil,round,irregular,no
Img_05302,Monocyte,irregular,unsegmented-indented,yes
Img_05303,Monocyte,round,unsegmented-indented,no
Img_05304,Monocyte,irregular,unsegmented-indented,yes
Img_05305,Lymphocyte,round,unsegmented-round,no
Img_05306,Neutrophil,round,unsegmented-band,no
Img_05307,Neutrophil,round,segmented-multilobed,no
Img_05308,Basophil,irregular,irregular,no
Img_05309,Monocyte,irregular,irregular,yes
Img_05310,Monocyte,round,unsegmented-indented,no
Img_05311,Basophil,round,irregular,no
Img_05312,Basophil,round,irregular,no
Img_05313,Lymphocyte,round,unsegmented-round,no
Img_05314,Monocyte,round,unsegmented-indented,no
Img_05315,Lymphocyte,round,unsegmented-round,no
Img_05316,Neutrophil,round,unsegmented-band,no
Img_05317,Basophil,round,irregular,no
Img_05318,Eosinophil,round,segmented-bilobed,no
Img_05319,Neutrophil,round,segmented-bilobed,no
Img_05320,Neutrophil,round,unsegmented-band,no
Img_05321,Eosinophil,round,segmented-bilobed,no
Img_05322,Basophil,round,irregular,no
Img_05323,Basophil,round,irregular,no
Img_05324,Monocyte,round,unsegmented-indented,no
Img_05325,Basophil,round,irregular,no
Img_05326,Lymphocyte,round,unsegmented-round,no
Img_05327,Basophil,round,irregular,no
Img_05328,Basophil,round,irregular,no
Img_05329,Neutrophil,round,unsegmented-band,no
Img_05330,Neutrophil,irregular,segmented-multilobed,no
Img_05331,Eosinophil,round,segmented-bilobed,no
Img_05332,Lymphocyte,round,unsegmented-round,no
Img_05333,Monocyte,irregular,unsegmented-indented,yes
Img_05334,Eosinophil,round,segmented-bilobed,no
Img_05335,Basophil,round,irregular,no
Img_05336,Basophil,round,irregular,no
Img_05337,Monocyte,round,unsegmented-indented,no
Img_05338,Neutrophil,round,unsegmented-band,no
Img_05339,Neutrophil,round,unsegmented-band,no
Img_05340,Neutrophil,round,unsegmented-band,no
Img_05341,Eosinophil,round,segmented-bilobed,no
Img_05342,Monocyte,round,unsegmented-indented,no
Img_05343,Eosinophil,round,segmented-bilobed,no
Img_05344,Neutrophil,round,unsegmented-band,no
Img_05345,Eosinophil,round,unsegmented-band,no
Img_05346,Neutrophil,round,unsegmented-band,no
Img_05347,Neutrophil,irregular,segmented-multilobed,no
Img_05348,Eosinophil,round,segmented-bilobed,no
Img_05349,Eosinophil,round,segmented-multilobed,no
Img_05350,Neutrophil,irregular,unsegmented-band,yes
Img_05351,Neutrophil,round,unsegmented-band,no
Img_05352,Eosinophil,round,segmented-multilobed,no
Img_05353,Lymphocyte,round,unsegmented-round,no
Img_05354,Basophil,round,irregular,no
Img_05355,Neutrophil,round,unsegmented-band,no
Img_05356,Eosinophil,round,segmented-bilobed,no
Img_05357,Lymphocyte,round,unsegmented-round,no
Img_05358,Lymphocyte,round,unsegmented-round,no
Img_05359,Basophil,irregular,irregular,no
Img_05360,Monocyte,irregular,irregular,yes
Img_05361,Monocyte,irregular,irregular,yes
Img_05362,Neutrophil,irregular,segmented-multilobed,no
Img_05363,Eosinophil,round,segmented-bilobed,no
Img_05364,Lymphocyte,irregular,unsegmented-round,no
Img_05365,Eosinophil,round,segmented-bilobed,no
Img_05366,Eosinophil,round,segmented-multilobed,no
Img_05367,Monocyte,irregular,unsegmented-indented,yes
Img_05368,Neutrophil,round,unsegmented-band,no
Img_05369,Eosinophil,round,segmented-bilobed,no
Img_05370,Eosinophil,round,segmented-bilobed,yes
Img_05371,Monocyte,irregular,irregular,yes
Img_05372,Basophil,round,irregular,no
Img_05373,Neutrophil,irregular,segmented-multilobed,no
Img_05374,Eosinophil,round,segmented-bilobed,no
Img_05375,Lymphocyte,round,unsegmented-round,no
Img_05376,Neutrophil,irregular,unsegmented-band,no
Img_05377,Monocyte,irregular,irregular,yes
Img_05378,Neutrophil,round,unsegmented-band,no
Img_05379,Lymphocyte,round,unsegmented-round,no
Img_05380,Basophil,round,irregular,no
Img_05381,Basophil,round,irregular,no
Img_05382,Monocyte,irregular,irregular,yes
Img_05383,Neutrophil,round,unsegmented-band,no
Img_05384,Lymphocyte,irregular,unsegmented-round,no
Img_05385,Basophil,round,irregular,no
Img_05386,Eosinophil,round,segmented-bilobed,no
Img_05387,Neutrophil,irregular,unsegmented-band,no
Img_05388,Neutrophil,round,unsegmented-band,no
Img_05389,Lymphocyte,round,unsegmented-round,no
Img_05390,Eosinophil,round,segmented-bilobed,no
Img_05391,Eosinophil,round,segmented-bilobed,no
Img_05392,Neutrophil,round,unsegmented-band,no
Img_05393,Basophil,round,irregular,no
Img_05394,Monocyte,round,unsegmented-indented,yes
Img_05395,Basophil,round,irregular,no
Img_05396,Monocyte,round,unsegmented-indented,no
Img_05397,Lymphocyte,round,unsegmented-round,no
Img_05398,Eosinophil,round,segmented-bilobed,no
Img_05399,Monocyte,round,unsegmented-indented,no
Img_05400,Basophil,round,irregular,no
Img_05401,Eosinophil,round,segmented-bilobed,no
Img_05402,Neutrophil,round,unsegmented-band,no
Img_05403,Neutrophil,round,unsegmented-band,no
Img_05404,Basophil,round,irregular,no
Img_05405,Neutrophil,irregular,unsegmented-band,no
Img_05406,Eosinophil,round,segmented-bilobed,no
Img_05407,Neutrophil,irregular,segmented-multilobed,no
Img_05408,Monocyte,round,unsegmented-indented,no
Img_05409,Basophil,round,irregular,no
Img_05410,Neutrophil,irregular,unsegmented-band,no
Img_05411,Neutrophil,round,unsegmented-band,no
Img_05412,Monocyte,irregular,unsegmented-indented,yes
Img_05413,Eosinophil,round,segmented-bilobed,no
Img_05414,Lymphocyte,irregular,unsegmented-round,no
Img_05415,Neutrophil,round,unsegmented-band,no
Img_05416,Neutrophil,round,unsegmented-band,no
Img_05417,Monocyte,irregular,unsegmented-indented,yes
Img_05418,Neutrophil,round,unsegmented-band,no
Img_05419,Neutrophil,round,unsegmented-band,no
Img_05420,Neutrophil,round,unsegmented-band,no
Img_05421,Basophil,round,irregular,no
Img_05422,Eosinophil,round,segmented-bilobed,no
Img_05423,Eosinophil,round,segmented-bilobed,no
Img_05424,Neutrophil,round,unsegmented-band,no
Img_05425,Basophil,round,irregular,no
Img_05426,Eosinophil,round,segmented-bilobed,no
Img_05427,Neutrophil,round,unsegmented-band,no
Img_05428,Monocyte,irregular,unsegmented-indented,yes
Img_05429,Neutrophil,round,unsegmented-band,no
Img_05430,Eosinophil,round,segmented-bilobed,no
Img_05431,Monocyte,irregular,unsegmented-indented,yes
Img_05432,Eosinophil,round,unsegmented-band,no
Img_05433,Basophil,round,irregular,no
Img_05434,Neutrophil,round,unsegmented-band,no
Img_05435,Neutrophil,round,unsegmented-band,no
Img_05436,Neutrophil,round,unsegmented-band,no
Img_05437,Eosinophil,round,segmented-bilobed,no
Img_05438,Monocyte,irregular,unsegmented-indented,yes
Img_05439,Eosinophil,round,segmented-bilobed,no
Img_05440,Eosinophil,round,segmented-bilobed,no
Img_05441,Neutrophil,round,unsegmented-band,no
Img_05442,Eosinophil,round,segmented-bilobed,no
Img_05443,Neutrophil,irregular,unsegmented-band,yes
Img_05444,Lymphocyte,round,unsegmented-round,no
Img_05445,Lymphocyte,irregular,unsegmented-round,no
Img_05446,Neutrophil,round,unsegmented-band,no
Img_05447,Monocyte,irregular,unsegmented-indented,no
Img_05448,Basophil,round,irregular,no
Img_05449,Neutrophil,round,segmented-bilobed,no
Img_05450,Neutrophil,irregular,irregular,yes
Img_05451,Monocyte,round,unsegmented-indented,no
Img_05452,Neutrophil,round,unsegmented-band,no
Img_05453,Neutrophil,irregular,unsegmented-band,no
Img_05454,Neutrophil,round,unsegmented-band,no
Img_05455,Basophil,round,irregular,no
Img_05456,Eosinophil,round,segmented-bilobed,no
Img_05457,Eosinophil,round,segmented-multilobed,no
Img_05458,Neutrophil,round,unsegmented-band,no
Img_05459,Monocyte,round,unsegmented-indented,no
Img_05460,Monocyte,irregular,unsegmented-indented,yes
Img_05461,Eosinophil,round,segmented-bilobed,no
Img_05462,Monocyte,round,unsegmented-indented,no
Img_05463,Neutrophil,irregular,segmented-multilobed,no
Img_05464,Lymphocyte,round,unsegmented-round,no
Img_05465,Basophil,round,irregular,no
Img_05466,Monocyte,irregular,irregular,yes
Img_05467,Lymphocyte,round,unsegmented-round,no
Img_05468,Neutrophil,round,unsegmented-band,no
Img_05469,Neutrophil,round,unsegmented-band,no
Img_05470,Lymphocyte,round,unsegmented-round,no
Img_05471,Basophil,irregular,irregular,no
Img_05472,Eosinophil,round,segmented-bilobed,no
Img_05473,Eosinophil,round,segmented-bilobed,no
Img_05474,Lymphocyte,round,unsegmented-round,no
Img_05475,Eosinophil,round,segmented-bilobed,no
Img_05476,Neutrophil,round,unsegmented-band,no
Img_05477,Monocyte,irregular,irregular,yes
Img_05478,Eosinophil,irregular,segmented-bilobed,no
Img_05479,Neutrophil,irregular,segmented-multilobed,no
Img_05480,Eosinophil,round,segmented-bilobed,no
Img_05481,Neutrophil,irregular,unsegmented-band,no
Img_05482,Basophil,round,irregular,no
Img_05483,Neutrophil,round,unsegmented-band,no
Img_05484,Eosinophil,round,segmented-bilobed,no
Img_05485,Lymphocyte,round,unsegmented-round,no
Img_05486,Eosinophil,round,segmented-bilobed,no
Img_05487,Neutrophil,round,unsegmented-band,no
Img_05488,Basophil,round,irregular,no
Img_05489,Basophil,round,irregular,no
Img_05490,Neutrophil,round,segmented-multilobed,no
Img_05491,Eosinophil,round,segmented-bilobed,no
Img_05492,Eosinophil,round,segmented-bilobed,no
Img_05493,Neutrophil,round,unsegmented-band,no
Img_05494,Eosinophil,round,segmented-multilobed,no
Img_05495,Monocyte,irregular,irregular,yes
Img_05496,Monocyte,round,unsegmented-indented,no
Img_05497,Eosinophil,round,segmented-bilobed,no
Img_05498,Monocyte,irregular,irregular,yes
Img_05499,Lymphocyte,irregular,unsegmented-round,no
Img_05500,Neutrophil,round,unsegmented-band,no
Img_05501,Eosinophil,round,segmented-bilobed,no
Img_05502,Lymphocyte,round,unsegmented-round,no
Img_05503,Neutrophil,round,unsegmented-band,no
Img_05504,Neutrophil,round,unsegmented-band,no
Img_05505,Monocyte,round,unsegmented-indented,no
Img_05506,Eosinophil,round,segmented-bilobed,no
Img_05507,Eosinophil,round,segmented-bilobed,no
Img_05508,Eosinophil,round,segmented-bilobed,no
Img_05509,Neutrophil,round,unsegmented-band,no
Img_05510,Basophil,round,irregular,no
Img_05511,Basophil,round,irregular,no
Img_05512,Eosinophil,round,segmented-bilobed,no
Img_05513,Eosinophil,round,segmented-bilobed,no
Img_05514,Monocyte,irregular,unsegmented-indented,yes
Img_05515,Eosinophil,round,segmented-bilobed,no
Img_05516,Neutrophil,round,unsegmented-band,no
Img_05517,Neutrophil,round,unsegmented-band,no
Img_05518,Neutrophil,round,unsegmented-band,no
Img_05519,Neutrophil,round,unsegmented-band,no
Img_05520,Neutrophil,round,segmented-multilobed,no
Img_05521,Basophil,irregular,irregular,no
Img_05522,Basophil,round,irregular,no
Img_05523,Eosinophil,round,segmented-bilobed,no
Img_05524,Eosinophil,round,segmented-bilobed,no
Img_05525,Lymphocyte,round,unsegmented-round,no
Img_05526,Neutrophil,round,unsegmented-band,no
Img_05527,Lymphocyte,round,unsegmented-round,no
Img_05528,Neutrophil,round,unsegmented-band,no
Img_05529,Monocyte,irregular,unsegmented-indented,yes
Img_05530,Basophil,round,irregular,no
Img_05531,Neutrophil,round,unsegmented-band,no
Img_05532,Lymphocyte,round,unsegmented-round,no
Img_05533,Eosinophil,round,segmented-bilobed,no
Img_05534,Eosinophil,round,segmented-bilobed,no
Img_05535,Neutrophil,round,segmented-multilobed,no
Img_05536,Lymphocyte,irregular,unsegmented-round,no
Img_05537,Eosinophil,round,segmented-bilobed,no
Img_05538,Eosinophil,round,segmented-bilobed,no
Img_05539,Monocyte,round,unsegmented-indented,no
Img_05540,Basophil,round,irregular,no
Img_05541,Eosinophil,round,segmented-bilobed,no
Img_05542,Neutrophil,round,unsegmented-band,no
Img_05543,Eosinophil,round,segmented-bilobed,no
Img_05544,Monocyte,irregular,unsegmented-indented,yes
Img_05545,Eosinophil,round,segmented-bilobed,no
Img_05546,Eosinophil,round,segmented-bilobed,no
Img_05547,Neutrophil,round,unsegmented-band,no
Img_05548,Neutrophil,irregular,unsegmented-band,no
Img_05549,Eosinophil,round,segmented-bilobed,no
Img_05550,Eosinophil,round,segmented-bilobed,no
Img_05551,Lymphocyte,round,unsegmented-round,no
Img_05552,Monocyte,irregular,unsegmented-indented,yes
Img_05553,Neutrophil,round,unsegmented-band,no
Img_05554,Basophil,round,irregular,no
Img_05555,Monocyte,irregular,irregular,yes
Img_05556,Lymphocyte,round,unsegmented-round,no
Img_05557,Neutrophil,irregular,unsegmented-band,no
Img_05558,Monocyte,irregular,unsegmented-indented,yes
Img_05559,Monocyte,round,unsegmented-indented,no
Img_05560,Basophil,round,irregular,no
Img_05561,Eosinophil,round,segmented-bilobed,no
Img_05562,Neutrophil,round,unsegmented-band,no
Img_05563,Neutrophil,round,unsegmented-band,no
Img_05564,Neutrophil,round,unsegmented-band,no
Img_05565,Neutrophil,round,unsegmented-band,no
Img_05566,Neutrophil,round,unsegmented-band,no
Img_05567,Lymphocyte,round,unsegmented-round,no
Img_05568,Lymphocyte,irregular,unsegmented-round,no
Img_05569,Neutrophil,round,unsegmented-band,no
Img_05570,Lymphocyte,round,unsegmented-round,no
Img_05571,Monocyte,round,unsegmented-indented,no
Img_05572,Eosinophil,round,segmented-bilobed,no
Img_05573,Eosinophil,round,segmented-bilobed,no
Img_05574,Monocyte,round,unsegmented-indented,no
Img_05575,Eosinophil,round,segmented-bilobed,no
Img_05576,Eosinophil,round,segmented-bilobed,no
Img_05577,Eosinophil,round,segmented-bilobed,no
Img_05578,Eosinophil,round,segmented-bilobed,no
Img_05579,Neutrophil,round,unsegmented-band,no
Img_05580,Neutrophil,round,unsegmented-band,no
Img_05581,Basophil,round,irregular,no
Img_05582,Eosinophil,round,segmented-multilobed,no
Img_05583,Eosinophil,round,segmented-bilobed,no
Img_05584,Eosinophil,round,segmented-bilobed,no
Img_05585,Basophil,round,irregular,no
Img_05586,Neutrophil,round,unsegmented-band,no
Img_05587,Monocyte,irregular,irregular,yes
Img_05588,Basophil,irregular,irregular,yes
Img_05589,Neutrophil,round,unsegmented-band,no
Img_05590,Basophil,round,irregular,no
Img_05591,Neutrophil,irregular,unsegmented-band,no
Img_05592,Monocyte,irregular,irregular,yes
Img_05593,Eosinophil,round,segmented-bilobed,no
Img_05594,Eosinophil,round,segmented-bilobed,no
Img_05595,Lymphocyte,irregular,unsegmented-round,no
Img_05596,Monocyte,round,unsegmented-indented,yes
Img_05597,Monocyte,round,unsegmented-indented,yes
Img_05598,Basophil,round,irregular,no
Img_05599,Lymphocyte,round,unsegmented-round,no
Img_05600,Neutrophil,round,unsegmented-band,no
Img_05601,Eosinophil,round,segmented-bilobed,no
Img_05602,Eosinophil,round,segmented-bilobed,no
Img_05603,Lymphocyte,irregular,unsegmented-round,no
Img_05604,Eosinophil,round,segmented-bilobed,no
Img_05605,Neutrophil,irregular,unsegmented-band,no
Img_05606,Eosinophil,round,segmented-bilobed,no
Img_05607,Eosinophil,round,segmented-bilobed,no
Img_05608,Monocyte,irregular,irregular,yes
Img_05609,Eosinophil,round,segmented-bilobed,no
Img_05610,Eosinophil,round,segmented-bilobed,no
Img_05611,Basophil,round,irregular,no
Img_05612,Basophil,round,irregular,no
Img_05613,Eosinophil,round,segmented-multilobed,no
Img_05614,Lymphocyte,round,unsegmented-indented,no
Img_05615,Eosinophil,round,segmented-bilobed,no
Img_05616,Lymphocyte,round,unsegmented-round,no
Img_05617,Lymphocyte,round,unsegmented-round,no
Img_05618,Monocyte,round,unsegmented-indented,no
Img_05619,Eosinophil,round,unsegmented-band,no
Img_05620,Neutrophil,irregular,unsegmented-band,no
Img_05621,Neutrophil,round,segmented-multilobed,no
Img_05622,Neutrophil,round,segmented-multilobed,no
Img_05623,Neutrophil,round,unsegmented-band,no
Img_05624,Basophil,round,irregular,no
Img_05625,Lymphocyte,round,unsegmented-round,no
Img_05626,Neutrophil,round,unsegmented-band,no
Img_05627,Monocyte,round,unsegmented-indented,no
Img_05628,Basophil,round,irregular,no
Img_05629,Monocyte,irregular,unsegmented-indented,yes
Img_05630,Neutrophil,round,unsegmented-band,no
Img_05631,Basophil,round,irregular,no
Img_05632,Neutrophil,round,unsegmented-band,no
Img_05633,Monocyte,irregular,irregular,yes
Img_05634,Lymphocyte,irregular,unsegmented-round,no
Img_05635,Neutrophil,irregular,unsegmented-band,no
Img_05636,Eosinophil,round,segmented-bilobed,no
Img_05637,Lymphocyte,round,unsegmented-round,no
Img_05638,Eosinophil,round,segmented-bilobed,no
Img_05639,Neutrophil,round,unsegmented-band,no
Img_05640,Neutrophil,round,unsegmented-band,no
Img_05641,Monocyte,irregular,irregular,yes
Img_05642,Monocyte,irregular,irregular,yes
Img_05643,Basophil,round,irregular,no
Img_05644,Lymphocyte,irregular,unsegmented-round,no
Img_05645,Neutrophil,irregular,unsegmented-band,no
Img_05646,Eosinophil,round,segmented-bilobed,no
Img_05647,Neutrophil,round,unsegmented-band,no
Img_05648,Neutrophil,round,unsegmented-band,no
Img_05649,Neutrophil,round,unsegmented-band,no
Img_05650,Lymphocyte,irregular,unsegmented-round,no
Img_05651,Monocyte,irregular,irregular,yes
Img_05652,Neutrophil,round,unsegmented-band,no
Img_05653,Eosinophil,round,segmented-bilobed,no
Img_05654,Basophil,round,irregular,no
Img_05655,Basophil,round,segmented-bilobed,no
Img_05656,Eosinophil,round,segmented-bilobed,no
Img_05657,Eosinophil,round,segmented-multilobed,no
Img_05658,Basophil,irregular,irregular,no
Img_05659,Eosinophil,round,unsegmented-band,no
Img_05660,Monocyte,round,unsegmented-indented,no
Img_05661,Lymphocyte,round,unsegmented-round,no
Img_05662,Monocyte,irregular,irregular,yes
Img_05663,Neutrophil,round,unsegmented-band,no
Img_05664,Basophil,round,irregular,no
Img_05665,Lymphocyte,round,unsegmented-round,no
Img_05666,Neutrophil,irregular,unsegmented-band,no
Img_05667,Neutrophil,round,unsegmented-band,no
Img_05668,Eosinophil,round,segmented-bilobed,no
Img_05669,Monocyte,irregular,irregular,yes
Img_05670,Monocyte,round,unsegmented-indented,yes
Img_05671,Neutrophil,irregular,unsegmented-band,no
Img_05672,Monocyte,round,unsegmented-indented,yes
Img_05673,Basophil,round,irregular,no
Img_05674,Neutrophil,irregular,unsegmented-band,no
Img_05675,Eosinophil,round,segmented-bilobed,no
Img_05676,Lymphocyte,irregular,unsegmented-round,no
Img_05677,Basophil,round,irregular,no
Img_05678,Eosinophil,round,segmented-bilobed,no
Img_05679,Eosinophil,round,unsegmented-band,no
Img_05680,Neutrophil,irregular,unsegmented-band,no
Img_05681,Basophil,round,irregular,no
Img_05682,Neutrophil,round,unsegmented-band,no
Img_05683,Monocyte,irregular,irregular,yes
Img_05684,Eosinophil,round,segmented-bilobed,no
Img_05685,Eosinophil,round,segmented-bilobed,no
Img_05686,Eosinophil,round,segmented-bilobed,no
Img_05687,Eosinophil,round,segmented-bilobed,no
Img_05688,Basophil,round,irregular,no
Img_05689,Eosinophil,round,segmented-bilobed,no
Img_05690,Basophil,round,irregular,no
Img_05691,Neutrophil,irregular,unsegmented-band,yes
Img_05692,Eosinophil,round,segmented-bilobed,no
Img_05693,Lymphocyte,irregular,unsegmented-round,no
Img_05694,Neutrophil,round,unsegmented-band,no
Img_05695,Basophil,round,irregular,no
Img_05696,Neutrophil,round,unsegmented-band,no
Img_05697,Monocyte,round,unsegmented-indented,no
Img_05698,Eosinophil,round,segmented-bilobed,no
Img_05699,Eosinophil,round,segmented-bilobed,no
Img_05700,Basophil,round,irregular,no
Img_05701,Neutrophil,round,unsegmented-band,no
Img_05702,Neutrophil,round,unsegmented-band,no
Img_05703,Lymphocyte,round,unsegmented-round,no
Img_05704,Eosinophil,round,segmented-bilobed,no
Img_05705,Monocyte,irregular,irregular,yes
Img_05706,Neutrophil,irregular,segmented-multilobed,no
Img_05707,Eosinophil,round,segmented-bilobed,no
Img_05708,Lymphocyte,round,unsegmented-round,no
Img_05709,Neutrophil,round,unsegmented-band,no
Img_05710,Monocyte,irregular,unsegmented-indented,yes
Img_05711,Eosinophil,round,segmented-bilobed,no
Img_05712,Monocyte,irregular,irregular,yes
Img_05713,Lymphocyte,irregular,unsegmented-round,no
Img_05714,Eosinophil,round,segmented-bilobed,no
Img_05715,Monocyte,round,unsegmented-indented,no
Img_05716,Eosinophil,round,segmented-bilobed,no
Img_05717,Lymphocyte,round,unsegmented-round,no
Img_05718,Eosinophil,round,segmented-bilobed,no
Img_05719,Basophil,round,irregular,no
Img_05720,Lymphocyte,irregular,unsegmented-round,no
Img_05721,Neutrophil,round,unsegmented-band,no
Img_05722,Lymphocyte,round,unsegmented-round,no
Img_05723,Basophil,round,irregular,no
Img_05724,Neutrophil,round,unsegmented-band,no
Img_05725,Eosinophil,round,segmented-bilobed,no
Img_05726,Lymphocyte,irregular,unsegmented-round,no
Img_05727,Neutrophil,irregular,unsegmented-band,no
Img_05728,Neutrophil,round,unsegmented-band,no
Img_05729,Monocyte,round,unsegmented-indented,yes
Img_05730,Lymphocyte,irregular,unsegmented-round,no
Img_05731,Neutrophil,irregular,unsegmented-band,no
Img_05732,Basophil,round,irregular,no
Img_05733,Lymphocyte,round,unsegmented-round,no
Img_05734,Neutrophil,round,unsegmented-band,no
Img_05735,Basophil,round,irregular,no
Img_05736,Neutrophil,round,unsegmented-band,no
Img_05737,Eosinophil,round,segmented-bilobed,no
Img_05738,Monocyte,irregular,unsegmented-indented,yes
Img_05739,Neutrophil,round,unsegmented-band,no
Img_05740,Monocyte,round,unsegmented-indented,no
Img_05741,Eosinophil,round,segmented-multilobed,no
Img_05742,Lymphocyte,irregular,unsegmented-round,no
Img_05743,Monocyte,round,unsegmented-indented,yes
Img_05744,Monocyte,round,unsegmented-indented,no
Img_05745,Neutrophil,irregular,unsegmented-band,no
Img_05746,Lymphocyte,round,unsegmented-round,no
Img_05747,Eosinophil,round,segmented-multilobed,no
Img_05748,Neutrophil,irregular,unsegmented-band,no
Img_05749,Eosinophil,round,segmented-multilobed,no
Img_05750,Neutrophil,round,unsegmented-band,no
Img_05751,Eosinophil,round,segmented-bilobed,no
Img_05752,Basophil,round,irregular,no
Img_05753,Eosinophil,irregular,irregular,no
Img_05754,Basophil,irregular,irregular,no
Img_05755,Neutrophil,round,unsegmented-band,no
Img_05756,Neutrophil,round,segmented-multilobed,no
Img_05757,Eosinophil,round,unsegmented-band,no
Img_05758,Eosinophil,round,segmented-bilobed,no
Img_05759,Monocyte,irregular,unsegmented-indented,yes
Img_05760,Eosinophil,round,segmented-bilobed,no
Img_05761,Lymphocyte,round,unsegmented-round,no
Img_05762,Neutrophil,round,unsegmented-band,no
Img_05763,Monocyte,round,unsegmented-indented,yes
Img_05764,Eosinophil,round,segmented-bilobed,no
Img_05765,Neutrophil,round,segmented-multilobed,no
Img_05766,Neutrophil,round,unsegmented-band,no
Img_05767,Monocyte,round,unsegmented-indented,no
Img_05768,Lymphocyte,irregular,unsegmented-round,no
Img_05769,Monocyte,round,unsegmented-indented,no
Img_05770,Lymphocyte,round,unsegmented-round,no
Img_05771,Monocyte,irregular,unsegmented-indented,yes
Img_05772,Eosinophil,round,segmented-bilobed,no
Img_05773,Lymphocyte,round,unsegmented-round,no
Img_05774,Basophil,round,irregular,no
Img_05775,Eosinophil,round,segmented-bilobed,no
Img_05776,Neutrophil,round,unsegmented-band,no
Img_05777,Neutrophil,round,unsegmented-band,no
Img_05778,Lymphocyte,round,unsegmented-round,no
Img_05779,Neutrophil,round,unsegmented-band,no
Img_05780,Eosinophil,round,segmented-bilobed,no
Img_05781,Lymphocyte,irregular,unsegmented-round,no
Img_05782,Monocyte,irregular,unsegmented-indented,no
Img_05783,Eosinophil,round,segmented-bilobed,no
Img_05784,Lymphocyte,irregular,unsegmented-round,no
Img_05785,Monocyte,irregular,unsegmented-indented,yes
Img_05786,Neutrophil,round,unsegmented-band,no
Img_05787,Neutrophil,round,unsegmented-band,no
Img_05788,Neutrophil,irregular,unsegmented-band,no
Img_05789,Basophil,round,irregular,no
Img_05790,Neutrophil,round,unsegmented-band,no
Img_05791,Neutrophil,round,unsegmented-band,no
Img_05792,Eosinophil,round,segmented-bilobed,no
Img_05793,Neutrophil,round,unsegmented-band,no
Img_05794,Neutrophil,round,unsegmented-band,no
Img_05795,Lymphocyte,round,unsegmented-round,no
Img_05796,Lymphocyte,round,unsegmented-round,no
Img_05797,Monocyte,irregular,unsegmented-indented,yes
Img_05798,Eosinophil,round,segmented-bilobed,no
Img_05799,Neutrophil,round,unsegmented-band,no
Img_05800,Eosinophil,round,segmented-bilobed,no
Img_05801,Eosinophil,round,unsegmented-indented,no
Img_05802,Neutrophil,irregular,segmented-multilobed,no
Img_05803,Neutrophil,round,unsegmented-band,no
Img_05804,Monocyte,irregular,unsegmented-indented,yes
Img_05805,Neutrophil,round,unsegmented-band,no
Img_05806,Monocyte,round,unsegmented-indented,no
Img_05807,Neutrophil,round,unsegmented-band,no
Img_05808,Neutrophil,round,unsegmented-band,no
Img_05809,Eosinophil,round,segmented-bilobed,no
Img_05810,Eosinophil,round,segmented-bilobed,no
Img_05811,Basophil,round,irregular,no
Img_05812,Neutrophil,round,segmented-multilobed,no
Img_05813,Eosinophil,round,segmented-bilobed,no
Img_05814,Basophil,irregular,irregular,no
Img_05815,Neutrophil,round,unsegmented-band,no
Img_05816,Basophil,round,irregular,no
Img_05817,Eosinophil,round,segmented-bilobed,no
Img_05818,Neutrophil,round,segmented-multilobed,no
Img_05819,Eosinophil,round,segmented-bilobed,no
Img_05820,Basophil,round,irregular,no
Img_05821,Eosinophil,round,segmented-bilobed,no
Img_05822,Neutrophil,irregular,unsegmented-band,no
Img_05823,Basophil,round,irregular,no
Img_05824,Basophil,round,irregular,no
Img_05825,Eosinophil,irregular,segmented-bilobed,no
Img_05826,Neutrophil,round,segmented-multilobed,no
Img_05827,Basophil,round,irregular,no
Img_05828,Eosinophil,round,segmented-bilobed,no
Img_05829,Neutrophil,round,unsegmented-band,no
Img_05830,Eosinophil,round,segmented-multilobed,no
Img_05831,Lymphocyte,round,unsegmented-round,no
Img_05832,Neutrophil,round,unsegmented-band,no
Img_05833,Basophil,round,irregular,no
Img_05834,Lymphocyte,round,unsegmented-round,no
Img_05835,Neutrophil,round,segmented-multilobed,no
Img_05836,Eosinophil,round,segmented-bilobed,no
Img_05837,Monocyte,round,unsegmented-indented,no
Img_05838,Neutrophil,round,unsegmented-band,no
Img_05839,Eosinophil,round,segmented-bilobed,no
Img_05840,Eosinophil,round,segmented-bilobed,no
Img_05841,Neutrophil,irregular,unsegmented-band,no
Img_05842,Neutrophil,round,unsegmented-band,no
Img_05843,Monocyte,irregular,unsegmented-indented,yes
Img_05844,Neutrophil,round,unsegmented-band,no
Img_05845,Eosinophil,round,segmented-bilobed,no
Img_05846,Basophil,round,irregular,no
Img_05847,Neutrophil,round,unsegmented-band,no
Img_05848,Lymphocyte,round,unsegmented-round,no
Img_05849,Lymphocyte,irregular,unsegmented-round,no
Img_05850,Neutrophil,round,unsegmented-band,no
Img_05851,Neutrophil,round,unsegmented-band,no
Img_05852,Basophil,irregular,irregular,no
Img_05853,Basophil,round,irregular,no
Img_05854,Monocyte,irregular,irregular,yes
Img_05855,Eosinophil,round,segmented-bilobed,no
Img_05856,Monocyte,irregular,irregular,yes
Img_05857,Basophil,round,irregular,no
Img_05858,Neutrophil,round,unsegmented-band,no
Img_05859,Eosinophil,round,unsegmented-band,no
Img_05860,Neutrophil,round,unsegmented-band,no
Img_05861,Eosinophil,round,segmented-multilobed,no
Img_05862,Eosinophil,round,segmented-bilobed,no
Img_05863,Neutrophil,round,unsegmented-band,no
Img_05864,Eosinophil,round,segmented-bilobed,no
Img_05865,Lymphocyte,irregular,unsegmented-round,no
Img_05866,Basophil,round,irregular,no
Img_05867,Neutrophil,round,unsegmented-band,no
Img_05868,Monocyte,round,unsegmented-indented,yes
Img_05869,Lymphocyte,irregular,unsegmented-round,no
Img_05870,Neutrophil,round,unsegmented-band,no
Img_05871,Eosinophil,round,segmented-bilobed,no
Img_05872,Basophil,round,segmented-bilobed,no
Img_05873,Eosinophil,round,segmented-bilobed,no
Img_05874,Neutrophil,round,unsegmented-band,no
Img_05875,Neutrophil,round,unsegmented-band,no
Img_05876,Monocyte,round,unsegmented-indented,yes
Img_05877,Basophil,round,irregular,no
Img_05878,Eosinophil,round,segmented-bilobed,no
Img_05879,Neutrophil,irregular,unsegmented-band,no
Img_05880,Eosinophil,round,segmented-bilobed,no
Img_05881,Neutrophil,irregular,unsegmented-band,no
Img_05882,Monocyte,irregular,irregular,yes
Img_05883,Lymphocyte,round,unsegmented-round,no
Img_05884,Eosinophil,round,segmented-multilobed,no
Img_05885,Neutrophil,irregular,unsegmented-band,no
Img_05886,Eosinophil,round,segmented-bilobed,no
Img_05887,Eosinophil,round,unsegmented-indented,no
Img_05888,Monocyte,round,unsegmented-indented,no
Img_05889,Monocyte,irregular,irregular,yes
Img_05890,Neutrophil,round,unsegmented-band,no
Img_05891,Neutrophil,round,unsegmented-band,no
Img_05892,Eosinophil,round,segmented-bilobed,no
Img_05893,Eosinophil,round,segmented-bilobed,no
Img_05894,Neutrophil,round,unsegmented-band,no
Img_05895,Eosinophil,round,segmented-bilobed,no
Img_05896,Neutrophil,round,segmented-multilobed,no
Img_05897,Neutrophil,round,unsegmented-band,no
Img_05898,Neutrophil,round,unsegmented-band,no
Img_05899,Basophil,round,irregular,no
Img_05900,Monocyte,round,unsegmented-indented,no
Img_05901,Eosinophil,round,segmented-bilobed,no
Img_05902,Neutrophil,round,unsegmented-band,no
Img_05903,Eosinophil,round,segmented-bilobed,no
Img_05904,Eosinophil,round,segmented-bilobed,no
Img_05905,Eosinophil,round,segmented-bilobed,no
Img_05906,Basophil,round,irregular,no
Img_05907,Basophil,round,irregular,no
Img_05908,Eosinophil,round,segmented-bilobed,no
Img_05909,Monocyte,round,unsegmented-indented,yes
Img_05910,Eosinophil,round,segmented-bilobed,no
Img_05911,Monocyte,irregular,unsegmented-indented,yes
Img_05912,Neutrophil,irregular,unsegmented-band,yes
Img_05913,Eosinophil,round,unsegmented-band,no
Img_05914,Neutrophil,round,unsegmented-band,no
Img_05915,Eosinophil,round,segmented-bilobed,no
Img_05916,Eosinophil,round,segmented-bilobed,no
Img_05917,Eosinophil,round,segmented-bilobed,no
Img_05918,Neutrophil,round,unsegmented-band,no
Img_05919,Basophil,round,irregular,no
Img_05920,Neutrophil,irregular,segmented-multilobed,no
Img_05921,Eosinophil,round,segmented-bilobed,no
Img_05922,Neutrophil,round,segmented-multilobed,no
Img_05923,Eosinophil,round,segmented-bilobed,no
Img_05924,Basophil,round,irregular,no
Img_05925,Basophil,round,irregular,no
Img_05926,Lymphocyte,round,unsegmented-round,no
Img_05927,Basophil,round,irregular,no
Img_05928,Eosinophil,round,segmented-bilobed,no
Img_05929,Eosinophil,round,segmented-bilobed,no
Img_05930,Lymphocyte,round,unsegmented-round,no
Img_05931,Basophil,round,irregular,no
Img_05932,Neutrophil,round,unsegmented-band,no
Img_05933,Eosinophil,round,segmented-bilobed,no
Img_05934,Neutrophil,irregular,segmented-multilobed,no
Img_05935,Lymphocyte,round,unsegmented-round,no
Img_05936,Basophil,round,irregular,no
Img_05937,Basophil,round,irregular,no
Img_05938,Neutrophil,irregular,unsegmented-band,no
Img_05939,Neutrophil,round,unsegmented-band,no
Img_05940,Monocyte,irregular,irregular,yes
Img_05941,Basophil,irregular,irregular,no
Img_05942,Neutrophil,round,unsegmented-band,no
Img_05943,Eosinophil,round,segmented-bilobed,no
Img_05944,Lymphocyte,round,unsegmented-round,no
Img_05945,Eosinophil,round,segmented-multilobed,no
Img_05946,Monocyte,irregular,unsegmented-indented,yes
Img_05947,Basophil,round,irregular,no
Img_05948,Monocyte,round,unsegmented-indented,no
Img_05949,Lymphocyte,round,unsegmented-round,no
Img_05950,Neutrophil,irregular,segmented-multilobed,no
Img_05951,Eosinophil,round,segmented-bilobed,no
Img_05952,Eosinophil,round,segmented-multilobed,no
Img_05953,Monocyte,irregular,unsegmented-indented,yes
Img_05954,Lymphocyte,round,unsegmented-round,no
Img_05955,Neutrophil,irregular,unsegmented-band,no
Img_05956,Basophil,round,irregular,no
Img_05957,Eosinophil,round,unsegmented-band,no
Img_05958,Neutrophil,round,unsegmented-band,no
Img_05959,Eosinophil,irregular,irregular,no
Img_05960,Neutrophil,round,unsegmented-band,no
Img_05961,Eosinophil,round,segmented-bilobed,no
Img_05962,Eosinophil,round,segmented-bilobed,no
Img_05963,Monocyte,irregular,unsegmented-indented,yes
Img_05964,Eosinophil,round,segmented-bilobed,no
Img_05965,Eosinophil,round,segmented-bilobed,no
Img_05966,Neutrophil,round,unsegmented-band,no
Img_05967,Basophil,round,irregular,no
Img_05968,Neutrophil,round,unsegmented-band,no
Img_05969,Eosinophil,round,segmented-bilobed,no
Img_05970,Neutrophil,irregular,unsegmented-band,no
Img_05971,Monocyte,irregular,unsegmented-indented,yes
Img_05972,Eosinophil,round,segmented-bilobed,no
Img_05973,Monocyte,irregular,unsegmented-indented,yes
Img_05974,Neutrophil,round,unsegmented-band,no
Img_05975,Eosinophil,round,segmented-bilobed,no
Img_05976,Eosinophil,round,segmented-bilobed,no
Img_05977,Neutrophil,round,unsegmented-band,no
Img_05978,Monocyte,irregular,irregular,yes
Img_05979,Neutrophil,round,unsegmented-band,no
Img_05980,Eosinophil,round,segmented-bilobed,no
Img_05981,Lymphocyte,round,unsegmented-round,no
Img_05982,Basophil,round,irregular,no
Img_05983,Neutrophil,round,unsegmented-band,no
Img_05984,Eosinophil,round,segmented-bilobed,no
Img_05985,Eosinophil,round,segmented-bilobed,no
Img_05986,Eosinophil,round,segmented-bilobed,no
Img_05987,Basophil,round,irregular,no
Img_05988,Basophil,round,irregular,no
Img_05989,Eosinophil,round,segmented-bilobed,no
Img_05990,Neutrophil,irregular,unsegmented-band,no
Img_05991,Neutrophil,irregular,segmented-multilobed,no
Img_05992,Neutrophil,round,unsegmented-band,no
Img_05993,Eosinophil,round,segmented-bilobed,no
Img_05994,Lymphocyte,round,unsegmented-round,no
Img_05995,Basophil,round,irregular,no
Img_05996,Eosinophil,round,segmented-bilobed,no
Img_05997,Eosinophil,round,segmented-bilobed,no
Img_05998,Lymphocyte,round,unsegmented-round,no
Img_05999,Neutrophil,round,unsegmented-band,no
Img_06000,Neutrophil,round,unsegmented-band,no
Img_06001,Neutrophil,round,unsegmented-band,no
Img_06002,Neutrophil,round,unsegmented-band,no
Img_06003,Eosinophil,round,segmented-bilobed,no
Img_06004,Eosinophil,round,segmented-bilobed,no
Img_06005,Eosinophil,round,segmented-bilobed,no
Img_06006,Eosinophil,round,unsegmented-band,no
Img_06007,Lymphocyte,round,unsegmented-round,no
Img_06008,Monocyte,irregular,irregular,yes
Img_06009,Neutrophil,irregular,segmented-multilobed,no
Img_06010,Eosinophil,round,segmented-bilobed,no
Img_06011,Eosinophil,round,segmented-bilobed,no
Img_06012,Neutrophil,round,unsegmented-band,no
Img_06013,Basophil,round,irregular,no
Img_06014,Eosinophil,round,segmented-bilobed,no
Img_06015,Eosinophil,round,segmented-bilobed,no
Img_06016,Neutrophil,irregular,segmented-multilobed,no
Img_06017,Eosinophil,round,segmented-bilobed,no
Img_06018,Basophil,round,irregular,no
Img_06019,Lymphocyte,round,unsegmented-round,no
Img_06020,Neutrophil,irregular,segmented-multilobed,no
Img_06021,Basophil,round,irregular,no
Img_06022,Lymphocyte,round,unsegmented-round,no
Img_06023,Lymphocyte,irregular,unsegmented-round,no
Img_06024,Lymphocyte,irregular,unsegmented-round,no
Img_06025,Monocyte,round,unsegmented-indented,no
Img_06026,Eosinophil,round,segmented-bilobed,no
Img_06027,Basophil,round,irregular,no
Img_06028,Lymphocyte,round,unsegmented-round,no
Img_06029,Neutrophil,round,segmented-multilobed,no
Img_06030,Eosinophil,round,segmented-bilobed,no
Img_06031,Eosinophil,round,segmented-bilobed,no
Img_06032,Basophil,round,irregular,no
Img_06033,Eosinophil,round,segmented-bilobed,no
Img_06034,Monocyte,irregular,irregular,yes
Img_06035,Monocyte,irregular,irregular,yes
Img_06036,Eosinophil,round,segmented-bilobed,no
Img_06037,Neutrophil,round,unsegmented-band,no
Img_06038,Neutrophil,round,unsegmented-band,no
Img_06039,Neutrophil,round,segmented-multilobed,no
Img_06040,Neutrophil,round,unsegmented-band,no
Img_06041,Basophil,round,irregular,no
Img_06042,Monocyte,irregular,unsegmented-indented,yes
Img_06043,Eosinophil,round,segmented-bilobed,no
Img_06044,Monocyte,round,unsegmented-indented,no
Img_06045,Basophil,round,irregular,no
Img_06046,Monocyte,irregular,unsegmented-indented,yes
Img_06047,Monocyte,irregular,irregular,yes
Img_06048,Neutrophil,round,unsegmented-band,no
Img_06049,Eosinophil,round,segmented-bilobed,no
Img_06050,Neutrophil,round,unsegmented-band,no
Img_06051,Eosinophil,round,segmented-bilobed,no
Img_06052,Neutrophil,irregular,segmented-multilobed,no
Img_06053,Basophil,irregular,irregular,no
Img_06054,Neutrophil,round,unsegmented-band,no
Img_06055,Basophil,round,irregular,no
Img_06056,Neutrophil,round,unsegmented-band,no
Img_06057,Neutrophil,round,unsegmented-band,no
Img_06058,Lymphocyte,round,unsegmented-round,no
Img_06059,Neutrophil,round,unsegmented-band,no
Img_06060,Eosinophil,round,segmented-bilobed,no
Img_06061,Neutrophil,round,unsegmented-band,no
Img_06062,Basophil,round,irregular,no
Img_06063,Lymphocyte,round,unsegmented-round,no
Img_06064,Eosinophil,irregular,segmented-multilobed,no
Img_06065,Eosinophil,round,segmented-bilobed,no
Img_06066,Eosinophil,round,segmented-bilobed,no
Img_06067,Eosinophil,round,segmented-bilobed,no
Img_06068,Eosinophil,round,segmented-bilobed,no
Img_06069,Eosinophil,round,segmented-multilobed,no
Img_06070,Lymphocyte,round,unsegmented-round,no
Img_06071,Basophil,round,irregular,no
Img_06072,Lymphocyte,irregular,unsegmented-round,no
Img_06073,Basophil,round,irregular,no
Img_06074,Eosinophil,round,segmented-bilobed,no
Img_06075,Eosinophil,round,segmented-multilobed,no
Img_06076,Lymphocyte,irregular,unsegmented-round,no
Img_06077,Monocyte,irregular,unsegmented-indented,yes
Img_06078,Neutrophil,round,unsegmented-band,no
Img_06079,Neutrophil,irregular,unsegmented-band,no
Img_06080,Eosinophil,round,segmented-bilobed,no
Img_06081,Neutrophil,round,unsegmented-band,no
Img_06082,Neutrophil,round,unsegmented-band,no
Img_06083,Neutrophil,round,unsegmented-band,no
Img_06084,Neutrophil,round,unsegmented-band,no
Img_06085,Neutrophil,irregular,unsegmented-band,no
Img_06086,Basophil,round,unsegmented-indented,no
Img_06087,Basophil,round,irregular,no
Img_06088,Monocyte,round,unsegmented-indented,yes
Img_06089,Neutrophil,irregular,unsegmented-band,no
Img_06090,Eosinophil,round,segmented-bilobed,no
Img_06091,Neutrophil,round,unsegmented-band,no
Img_06092,Monocyte,irregular,unsegmented-indented,yes
Img_06093,Lymphocyte,irregular,unsegmented-round,no
Img_06094,Eosinophil,irregular,segmented-bilobed,no
Img_06095,Basophil,round,irregular,no
Img_06096,Eosinophil,round,segmented-bilobed,no
Img_06097,Neutrophil,round,unsegmented-band,no
Img_06098,Eosinophil,round,segmented-bilobed,no
Img_06099,Lymphocyte,round,unsegmented-round,no
Img_06100,Neutrophil,round,segmented-multilobed,no
Img_06101,Neutrophil,round,unsegmented-band,no
Img_06102,Neutrophil,irregular,unsegmented-band,no
Img_06103,Neutrophil,irregular,unsegmented-band,no
Img_06104,Lymphocyte,irregular,unsegmented-round,no
Img_06105,Eosinophil,round,segmented-bilobed,no
Img_06106,Lymphocyte,irregular,unsegmented-round,no
Img_06107,Monocyte,irregular,unsegmented-indented,yes
Img_06108,Eosinophil,round,segmented-bilobed,no
Img_06109,Eosinophil,round,segmented-bilobed,no
Img_06110,Neutrophil,irregular,unsegmented-band,no
Img_06111,Neutrophil,round,unsegmented-band,no
Img_06112,Lymphocyte,round,unsegmented-round,no
Img_06113,Basophil,round,irregular,no
Img_06114,Eosinophil,irregular,segmented-bilobed,yes
Img_06115,Neutrophil,round,unsegmented-band,no
Img_06116,Monocyte,round,unsegmented-indented,no
Img_06117,Eosinophil,round,segmented-bilobed,no
Img_06118,Neutrophil,round,unsegmented-band,no
Img_06119,Neutrophil,round,unsegmented-band,no
Img_06120,Neutrophil,round,unsegmented-band,no
Img_06121,Eosinophil,round,segmented-bilobed,no
Img_06122,Neutrophil,round,unsegmented-band,no
Img_06123,Eosinophil,round,segmented-multilobed,no
Img_06124,Eosinophil,round,segmented-bilobed,no
Img_06125,Neutrophil,irregular,unsegmented-band,no
Img_06126,Neutrophil,round,unsegmented-band,no
Img_06127,Basophil,round,irregular,no
Img_06128,Neutrophil,round,unsegmented-band,no
Img_06129,Eosinophil,round,unsegmented-band,no
Img_06130,Basophil,round,irregular,no
Img_06131,Lymphocyte,round,unsegmented-round,no
Img_06132,Monocyte,round,unsegmented-indented,no
Img_06133,Neutrophil,irregular,unsegmented-band,no
Img_06134,Basophil,round,irregular,no
Img_06135,Neutrophil,round,unsegmented-band,no
Img_06136,Neutrophil,round,unsegmented-band,no
Img_06137,Lymphocyte,round,unsegmented-round,no
Img_06138,Neutrophil,round,segmented-multilobed,no
Img_06139,Eosinophil,round,segmented-bilobed,no
Img_06140,Monocyte,round,unsegmented-indented,yes
Img_06141,Neutrophil,round,unsegmented-band,no
Img_06142,Monocyte,irregular,unsegmented-indented,yes
Img_06143,Basophil,irregular,irregular,no
Img_06144,Neutrophil,round,unsegmented-band,no
Img_06145,Eosinophil,round,segmented-bilobed,no
Img_06146,Neutrophil,round,unsegmented-band,no
Img_06147,Eosinophil,round,segmented-bilobed,no
Img_06148,Basophil,round,irregular,no
Img_06149,Monocyte,irregular,unsegmented-indented,yes
Img_06150,Neutrophil,round,unsegmented-band,no
Img_06151,Lymphocyte,round,unsegmented-round,no
Img_06152,Monocyte,irregular,unsegmented-indented,yes
Img_06153,Eosinophil,round,segmented-bilobed,no
Img_06154,Neutrophil,round,segmented-multilobed,no
Img_06155,Eosinophil,round,segmented-bilobed,no
Img_06156,Eosinophil,round,segmented-bilobed,no
Img_06157,Neutrophil,round,unsegmented-band,no
Img_06158,Basophil,round,irregular,no
Img_06159,Basophil,irregular,irregular,no
Img_06160,Lymphocyte,round,unsegmented-round,no
Img_06161,Eosinophil,round,segmented-bilobed,no
Img_06162,Neutrophil,round,unsegmented-band,no
Img_06163,Eosinophil,round,unsegmented-band,no
Img_06164,Monocyte,round,unsegmented-indented,yes
Img_06165,Neutrophil,round,segmented-multilobed,no
Img_06166,Monocyte,irregular,unsegmented-round,no
Img_06167,Neutrophil,irregular,segmented-multilobed,no
Img_06168,Lymphocyte,round,unsegmented-round,no
Img_06169,Monocyte,round,unsegmented-indented,no
Img_06170,Monocyte,round,unsegmented-indented,yes
Img_06171,Basophil,round,irregular,no
Img_06172,Neutrophil,round,unsegmented-band,no
Img_06173,Neutrophil,round,unsegmented-band,no
Img_06174,Lymphocyte,round,unsegmented-round,no
Img_06175,Lymphocyte,round,unsegmented-round,no
Img_06176,Eosinophil,round,segmented-bilobed,no
Img_06177,Eosinophil,round,segmented-bilobed,no
Img_06178,Lymphocyte,round,unsegmented-round,no
Img_06179,Eosinophil,round,segmented-bilobed,no
Img_06180,Eosinophil,round,segmented-bilobed,no
Img_06181,Neutrophil,round,unsegmented-band,no
Img_06182,Eosinophil,round,segmented-bilobed,no
Img_06183,Monocyte,irregular,irregular,yes
Img_06184,Lymphocyte,irregular,unsegmented-round,no
Img_06185,Eosinophil,round,segmented-bilobed,no
Img_06186,Lymphocyte,round,unsegmented-round,no
Img_06187,Monocyte,round,unsegmented-indented,no
Img_06188,Neutrophil,round,unsegmented-band,no
Img_06189,Eosinophil,round,segmented-bilobed,no
Img_06190,Neutrophil,round,unsegmented-band,no
Img_06191,Eosinophil,round,segmented-bilobed,no
Img_06192,Neutrophil,irregular,unsegmented-round,no
Img_06193,Neutrophil,irregular,unsegmented-band,no
Img_06194,Basophil,round,irregular,no
Img_06195,Neutrophil,round,unsegmented-band,no
Img_06196,Basophil,round,irregular,no
Img_06197,Eosinophil,round,unsegmented-band,no
Img_06198,Basophil,round,irregular,no
Img_06199,Neutrophil,round,unsegmented-band,no
Img_06200,Eosinophil,round,segmented-bilobed,no
Img_06201,Eosinophil,round,unsegmented-band,no
Img_06202,Neutrophil,round,unsegmented-band,no
Img_06203,Neutrophil,round,unsegmented-band,no
Img_06204,Neutrophil,round,segmented-multilobed,no
Img_06205,Eosinophil,round,segmented-bilobed,no
Img_06206,Lymphocyte,round,unsegmented-round,no
Img_06207,Basophil,round,irregular,no
Img_06208,Monocyte,round,unsegmented-indented,no
Img_06209,Eosinophil,round,segmented-bilobed,no
Img_06210,Neutrophil,round,unsegmented-band,no
Img_06211,Eosinophil,round,segmented-bilobed,no
Img_06212,Neutrophil,irregular,unsegmented-band,yes
Img_06213,Neutrophil,round,unsegmented-band,no
Img_06214,Monocyte,irregular,unsegmented-indented,yes
Img_06215,Basophil,round,irregular,no
Img_06216,Lymphocyte,round,unsegmented-round,no
Img_06217,Eosinophil,round,segmented-bilobed,no
Img_06218,Monocyte,irregular,irregular,no
Img_06219,Eosinophil,round,segmented-bilobed,no
Img_06220,Basophil,round,irregular,no
Img_06221,Eosinophil,round,segmented-bilobed,no
Img_06222,Neutrophil,round,unsegmented-band,no
Img_06223,Eosinophil,round,segmented-bilobed,no
Img_06224,Eosinophil,round,segmented-bilobed,no
Img_06225,Basophil,round,irregular,no
Img_06226,Neutrophil,irregular,unsegmented-band,no
Img_06227,Monocyte,irregular,unsegmented-indented,yes
Img_06228,Lymphocyte,round,unsegmented-round,no
Img_06229,Eosinophil,round,segmented-bilobed,no
Img_06230,Eosinophil,round,segmented-bilobed,no
Img_06231,Neutrophil,round,unsegmented-band,no
Img_06232,Basophil,round,unsegmented-round,no
Img_06233,Neutrophil,round,unsegmented-band,no
Img_06234,Neutrophil,round,unsegmented-band,no
Img_06235,Lymphocyte,irregular,unsegmented-round,no
Img_06236,Basophil,round,irregular,no
Img_06237,Eosinophil,round,segmented-bilobed,no
Img_06238,Eosinophil,round,segmented-bilobed,no
Img_06239,Neutrophil,round,unsegmented-band,no
Img_06240,Neutrophil,round,unsegmented-band,no
Img_06241,Lymphocyte,irregular,unsegmented-round,no
Img_06242,Lymphocyte,round,unsegmented-round,no
Img_06243,Neutrophil,round,unsegmented-band,no
Img_06244,Eosinophil,irregular,segmented-bilobed,no
Img_06245,Monocyte,round,unsegmented-indented,no
Img_06246,Basophil,round,irregular,no
Img_06247,Eosinophil,round,segmented-bilobed,no
Img_06248,Neutrophil,round,unsegmented-band,no
Img_06249,Monocyte,round,unsegmented-indented,no
Img_06250,Neutrophil,round,unsegmented-band,no
Img_06251,Eosinophil,irregular,segmented-multilobed,no
Img_06252,Eosinophil,round,segmented-bilobed,no
Img_06253,Monocyte,irregular,unsegmented-indented,yes
Img_06254,Lymphocyte,irregular,unsegmented-round,no
Img_06255,Neutrophil,round,unsegmented-band,no
Img_06256,Eosinophil,round,segmented-bilobed,no
Img_06257,Neutrophil,round,unsegmented-band,no
Img_06258,Eosinophil,round,segmented-bilobed,no
Img_06259,Eosinophil,irregular,unsegmented-band,no
Img_06260,Eosinophil,round,segmented-bilobed,no
Img_06261,Basophil,round,irregular,no
Img_06262,Monocyte,irregular,unsegmented-indented,yes
Img_06263,Neutrophil,round,unsegmented-band,no
Img_06264,Neutrophil,round,unsegmented-band,no
Img_06265,Neutrophil,round,unsegmented-band,no
Img_06266,Monocyte,round,unsegmented-indented,no
Img_06267,Neutrophil,round,unsegmented-band,no
Img_06268,Basophil,round,irregular,no
Img_06269,Neutrophil,irregular,segmented-multilobed,no
Img_06270,Eosinophil,round,segmented-bilobed,no
Img_06271,Monocyte,round,unsegmented-indented,no
Img_06272,Monocyte,round,unsegmented-indented,no
Img_06273,Monocyte,irregular,unsegmented-indented,yes
Img_06274,Neutrophil,irregular,unsegmented-band,yes
Img_06275,Monocyte,round,unsegmented-indented,yes
Img_06276,Eosinophil,round,segmented-bilobed,no
Img_06277,Eosinophil,round,segmented-bilobed,no
Img_06278,Eosinophil,round,segmented-bilobed,no
Img_06279,Eosinophil,round,segmented-bilobed,no
Img_06280,Monocyte,round,unsegmented-indented,yes
Img_06281,Monocyte,irregular,irregular,yes
Img_06282,Neutrophil,round,unsegmented-band,no
Img_06283,Eosinophil,round,segmented-bilobed,no
Img_06284,Neutrophil,round,segmented-multilobed,no
Img_06285,Eosinophil,round,segmented-bilobed,no
Img_06286,Basophil,round,irregular,no
Img_06287,Neutrophil,irregular,segmented-multilobed,no
Img_06288,Eosinophil,round,segmented-bilobed,no
Img_06289,Neutrophil,round,unsegmented-band,no
Img_06290,Basophil,round,irregular,no
Img_06291,Neutrophil,round,unsegmented-band,no
Img_06292,Lymphocyte,round,unsegmented-round,no
Img_06293,Neutrophil,irregular,segmented-multilobed,no
Img_06294,Neutrophil,round,unsegmented-band,no
Img_06295,Neutrophil,irregular,segmented-multilobed,no
Img_06296,Lymphocyte,round,unsegmented-round,no
Img_06297,Eosinophil,round,segmented-bilobed,no
Img_06298,Eosinophil,round,segmented-bilobed,no
Img_06299,Eosinophil,round,segmented-bilobed,no
Img_06300,Neutrophil,irregular,unsegmented-band,no
Img_06301,Monocyte,irregular,irregular,yes
Img_06302,Basophil,round,irregular,no
Img_06303,Eosinophil,round,segmented-bilobed,no
Img_06304,Neutrophil,round,segmented-multilobed,no
Img_06305,Basophil,round,irregular,no
Img_06306,Eosinophil,round,segmented-multilobed,no
Img_06307,Basophil,round,irregular,no
Img_06308,Eosinophil,round,segmented-bilobed,no
Img_06309,Lymphocyte,round,unsegmented-round,no
Img_06310,Neutrophil,irregular,unsegmented-band,no
Img_06311,Lymphocyte,round,unsegmented-round,no
Img_06312,Lymphocyte,round,unsegmented-round,no
Img_06313,Lymphocyte,round,unsegmented-round,no
Img_06314,Monocyte,round,unsegmented-indented,no
Img_06315,Eosinophil,round,unsegmented-indented,no
Img_06316,Basophil,round,irregular,no
Img_06317,Eosinophil,round,unsegmented-band,no
Img_06318,Eosinophil,round,segmented-bilobed,no
Img_06319,Neutrophil,round,unsegmented-band,no
Img_06320,Monocyte,irregular,irregular,yes
Img_06321,Neutrophil,round,segmented-multilobed,no
Img_06322,Neutrophil,irregular,unsegmented-band,no
Img_06323,Basophil,round,irregular,no
Img_06324,Neutrophil,round,unsegmented-band,no
Img_06325,Eosinophil,round,segmented-bilobed,no
Img_06326,Basophil,round,unsegmented-indented,no
Img_06327,Neutrophil,irregular,unsegmented-band,no
Img_06328,Neutrophil,irregular,segmented-multilobed,no
Img_06329,Neutrophil,round,segmented-multilobed,no
Img_06330,Basophil,round,irregular,no
Img_06331,Neutrophil,round,unsegmented-band,no
Img_06332,Monocyte,irregular,unsegmented-indented,no
Img_06333,Monocyte,irregular,unsegmented-indented,yes
Img_06334,Lymphocyte,round,unsegmented-round,no
Img_06335,Neutrophil,irregular,segmented-multilobed,no
Img_06336,Monocyte,irregular,irregular,yes
Img_06337,Neutrophil,round,unsegmented-band,no
Img_06338,Monocyte,round,unsegmented-indented,yes
Img_06339,Basophil,round,irregular,no
Img_06340,Lymphocyte,round,unsegmented-round,no
Img_06341,Lymphocyte,round,unsegmented-round,no
Img_06342,Eosinophil,round,segmented-bilobed,no
Img_06343,Lymphocyte,round,unsegmented-round,no
Img_06344,Eosinophil,irregular,segmented-multilobed,no
Img_06345,Neutrophil,round,unsegmented-band,no
Img_06346,Monocyte,irregular,unsegmented-indented,yes
Img_06347,Eosinophil,round,segmented-bilobed,no
Img_06348,Eosinophil,round,segmented-bilobed,no
Img_06349,Eosinophil,round,segmented-bilobed,no
Img_06350,Lymphocyte,round,unsegmented-round,no
Img_06351,Basophil,round,irregular,no
Img_06352,Eosinophil,round,segmented-bilobed,no
Img_06353,Basophil,round,irregular,no
Img_06354,Lymphocyte,irregular,unsegmented-round,no
Img_06355,Neutrophil,irregular,unsegmented-band,no
Img_06356,Eosinophil,round,segmented-bilobed,no
Img_06357,Neutrophil,round,unsegmented-band,no
Img_06358,Lymphocyte,round,unsegmented-round,no
Img_06359,Neutrophil,irregular,unsegmented-band,no
Img_06360,Eosinophil,round,segmented-bilobed,no
Img_06361,Monocyte,round,unsegmented-indented,yes
Img_06362,Monocyte,round,unsegmented-indented,no
Img_06363,Neutrophil,round,unsegmented-band,no
Img_06364,Eosinophil,round,segmented-multilobed,no
Img_06365,Eosinophil,round,segmented-bilobed,no
Img_06366,Eosinophil,round,segmented-bilobed,no
Img_06367,Neutrophil,round,unsegmented-band,no
Img_06368,Monocyte,irregular,irregular,yes
Img_06369,Neutrophil,round,unsegmented-band,no
Img_06370,Neutrophil,round,unsegmented-band,no
Img_06371,Eosinophil,round,segmented-bilobed,no
Img_06372,Eosinophil,irregular,irregular,no
Img_06373,Eosinophil,round,unsegmented-indented,no
Img_06374,Monocyte,round,unsegmented-indented,yes
Img_06375,Monocyte,round,unsegmented-indented,no
Img_06376,Neutrophil,irregular,segmented-multilobed,no
Img_06377,Lymphocyte,round,unsegmented-round,no
Img_06378,Basophil,irregular,irregular,no
Img_06379,Neutrophil,round,unsegmented-band,no
Img_06380,Monocyte,round,unsegmented-indented,yes
Img_06381,Monocyte,irregular,irregular,yes
Img_06382,Neutrophil,round,unsegmented-band,no
Img_06383,Eosinophil,round,segmented-bilobed,no
Img_06384,Neutrophil,irregular,unsegmented-band,no
Img_06385,Eosinophil,round,unsegmented-band,no
Img_06386,Eosinophil,round,segmented-multilobed,no
Img_06387,Neutrophil,irregular,segmented-multilobed,no
Img_06388,Neutrophil,irregular,unsegmented-band,no
Img_06389,Basophil,round,irregular,no
Img_06390,Monocyte,round,unsegmented-indented,yes
Img_06391,Basophil,round,irregular,no
Img_06392,Monocyte,irregular,irregular,yes
Img_06393,Neutrophil,irregular,unsegmented-band,yes
Img_06394,Neutrophil,round,unsegmented-band,no
Img_06395,Eosinophil,round,segmented-multilobed,no
Img_06396,Neutrophil,round,unsegmented-band,no
Img_06397,Neutrophil,round,unsegmented-band,no
Img_06398,Lymphocyte,round,unsegmented-round,no
Img_06399,Eosinophil,round,segmented-bilobed,no
Img_06400,Neutrophil,round,unsegmented-band,no
Img_06401,Eosinophil,round,segmented-bilobed,no
Img_06402,Neutrophil,round,unsegmented-band,no
Img_06403,Basophil,round,irregular,no
Img_06404,Lymphocyte,round,unsegmented-round,no
Img_06405,Eosinophil,round,segmented-bilobed,no
Img_06406,Eosinophil,round,segmented-bilobed,no
Img_06407,Neutrophil,irregular,segmented-multilobed,no
Img_06408,Eosinophil,round,segmented-multilobed,no
Img_06409,Neutrophil,round,unsegmented-band,no
Img_06410,Eosinophil,round,segmented-bilobed,no
Img_06411,Eosinophil,round,segmented-bilobed,no
Img_06412,Monocyte,round,unsegmented-indented,no
Img_06413,Eosinophil,round,segmented-bilobed,no
Img_06414,Neutrophil,round,unsegmented-band,no
Img_06415,Neutrophil,round,unsegmented-band,no
Img_06416,Neutrophil,round,unsegmented-band,no
Img_06417,Monocyte,irregular,irregular,yes
Img_06418,Eosinophil,round,segmented-bilobed,no
Img_06419,Neutrophil,round,unsegmented-band,no
Img_06420,Neutrophil,round,segmented-multilobed,no
Img_06421,Basophil,round,irregular,no
Img_06422,Eosinophil,round,segmented-bilobed,no
Img_06423,Eosinophil,round,segmented-bilobed,no
Img_06424,Neutrophil,irregular,unsegmented-band,no
Img_06425,Eosinophil,round,segmented-bilobed,no
Img_06426,Lymphocyte,irregular,unsegmented-round,no
Img_06427,Neutrophil,round,unsegmented-band,no
Img_06428,Eosinophil,round,segmented-bilobed,no
Img_06429,Eosinophil,round,segmented-bilobed,no
Img_06430,Neutrophil,round,unsegmented-band,no
Img_06431,Eosinophil,round,segmented-bilobed,no
Img_06432,Basophil,round,irregular,no
Img_06433,Eosinophil,irregular,segmented-multilobed,no
Img_06434,Neutrophil,round,unsegmented-band,no
Img_06435,Neutrophil,round,unsegmented-band,no
Img_06436,Monocyte,round,unsegmented-indented,no
Img_06437,Eosinophil,round,segmented-bilobed,no
Img_06438,Basophil,irregular,irregular,no
Img_06439,Neutrophil,irregular,unsegmented-band,no
Img_06440,Eosinophil,round,segmented-bilobed,no
Img_06441,Neutrophil,round,unsegmented-band,no
Img_06442,Eosinophil,round,segmented-bilobed,no
Img_06443,Monocyte,irregular,unsegmented-indented,yes
Img_06444,Basophil,round,irregular,no
Img_06445,Neutrophil,round,unsegmented-band,no
Img_06446,Neutrophil,round,unsegmented-band,no
Img_06447,Eosinophil,round,segmented-bilobed,no
Img_06448,Eosinophil,round,segmented-bilobed,no
Img_06449,Neutrophil,irregular,segmented-multilobed,no
Img_06450,Neutrophil,irregular,segmented-multilobed,no
Img_06451,Neutrophil,round,unsegmented-band,no
Img_06452,Neutrophil,round,unsegmented-band,no
Img_06453,Lymphocyte,round,unsegmented-round,no
Img_06454,Neutrophil,round,unsegmented-band,no
Img_06455,Basophil,round,irregular,no
Img_06456,Neutrophil,round,unsegmented-band,no
Img_06457,Basophil,round,irregular,no
Img_06458,Monocyte,irregular,irregular,yes
Img_06459,Eosinophil,round,segmented-bilobed,no
Img_06460,Neutrophil,round,unsegmented-band,no
Img_06461,Eosinophil,round,segmented-bilobed,no
Img_06462,Eosinophil,round,unsegmented-indented,no
Img_06463,Basophil,round,irregular,no
Img_06464,Eosinophil,round,segmented-bilobed,no
Img_06465,Neutrophil,round,unsegmented-band,no
Img_06466,Neutrophil,round,unsegmented-band,no
Img_06467,Lymphocyte,irregular,unsegmented-round,no
Img_06468,Neutrophil,round,unsegmented-band,no
Img_06469,Basophil,round,irregular,no
Img_06470,Neutrophil,round,unsegmented-band,no
Img_06471,Neutrophil,irregular,unsegmented-band,yes
Img_06472,Neutrophil,irregular,unsegmented-band,no
Img_06473,Eosinophil,round,segmented-bilobed,no
Img_06474,Lymphocyte,round,unsegmented-round,no
Img_06475,Eosinophil,round,segmented-bilobed,no
Img_06476,Neutrophil,irregular,segmented-multilobed,no
Img_06477,Lymphocyte,irregular,unsegmented-round,no
Img_06478,Eosinophil,round,unsegmented-band,no
Img_06479,Eosinophil,round,segmented-bilobed,no
Img_06480,Eosinophil,round,segmented-bilobed,no
Img_06481,Eosinophil,round,segmented-bilobed,no
Img_06482,Eosinophil,round,segmented-bilobed,no
Img_06483,Eosinophil,irregular,segmented-multilobed,no
Img_06484,Eosinophil,round,segmented-bilobed,no
Img_06485,Eosinophil,round,segmented-bilobed,no
Img_06486,Neutrophil,round,unsegmented-band,no
Img_06487,Lymphocyte,round,unsegmented-round,no
Img_06488,Eosinophil,round,segmented-bilobed,no
Img_06489,Monocyte,irregular,unsegmented-indented,yes
Img_06490,Neutrophil,irregular,unsegmented-band,no
Img_06491,Monocyte,irregular,unsegmented-indented,yes
Img_06492,Eosinophil,round,segmented-bilobed,no
Img_06493,Basophil,round,irregular,no
Img_06494,Neutrophil,round,unsegmented-band,no
Img_06495,Neutrophil,round,unsegmented-band,no
Img_06496,Eosinophil,round,segmented-bilobed,no
Img_06497,Eosinophil,round,segmented-bilobed,no
Img_06498,Monocyte,irregular,unsegmented-indented,yes
Img_06499,Eosinophil,round,segmented-bilobed,no
Img_06500,Neutrophil,round,unsegmented-band,no
Img_06501,Monocyte,round,unsegmented-indented,no
Img_06502,Monocyte,irregular,unsegmented-indented,yes
Img_06503,Neutrophil,round,unsegmented-band,no
Img_06504,Monocyte,irregular,irregular,yes
Img_06505,Neutrophil,round,unsegmented-band,no
Img_06506,Eosinophil,round,segmented-bilobed,no
Img_06507,Monocyte,irregular,irregular,yes
Img_06508,Lymphocyte,round,unsegmented-round,no
Img_06509,Neutrophil,round,unsegmented-band,no
Img_06510,Eosinophil,round,segmented-bilobed,no
Img_06511,Lymphocyte,round,unsegmented-round,no
Img_06512,Neutrophil,round,unsegmented-band,no
Img_06513,Eosinophil,round,segmented-bilobed,no
Img_06514,Eosinophil,round,unsegmented-band,no
Img_06515,Eosinophil,round,segmented-bilobed,no
Img_06516,Neutrophil,round,unsegmented-band,no
Img_06517,Monocyte,irregular,unsegmented-indented,yes
Img_06518,Lymphocyte,round,unsegmented-round,no
Img_06519,Neutrophil,round,unsegmented-band,no
Img_06520,Eosinophil,round,segmented-bilobed,no
Img_06521,Neutrophil,round,unsegmented-band,no
Img_06522,Lymphocyte,irregular,unsegmented-round,no
Img_06523,Basophil,round,irregular,no
Img_06524,Monocyte,round,unsegmented-indented,no
Img_06525,Neutrophil,round,unsegmented-band,no
Img_06526,Neutrophil,round,unsegmented-band,no
Img_06527,Eosinophil,round,segmented-bilobed,no
Img_06528,Lymphocyte,irregular,unsegmented-round,no
Img_06529,Lymphocyte,round,unsegmented-round,no
Img_06530,Lymphocyte,round,unsegmented-round,no
Img_06531,Neutrophil,round,unsegmented-band,no
Img_06532,Eosinophil,round,segmented-multilobed,no
Img_06533,Lymphocyte,round,unsegmented-round,no
Img_06534,Eosinophil,round,segmented-bilobed,no
Img_06535,Eosinophil,round,segmented-multilobed,no
Img_06536,Monocyte,round,unsegmented-indented,no
Img_06537,Neutrophil,round,unsegmented-band,no
Img_06538,Neutrophil,irregular,unsegmented-band,yes
Img_06539,Neutrophil,round,unsegmented-band,no
Img_06540,Eosinophil,round,segmented-bilobed,no
Img_06541,Neutrophil,round,unsegmented-band,no
Img_06542,Basophil,round,irregular,no
Img_06543,Lymphocyte,irregular,unsegmented-round,no
Img_06544,Monocyte,irregular,unsegmented-indented,yes
Img_06545,Eosinophil,round,segmented-bilobed,no
Img_06546,Lymphocyte,round,unsegmented-round,no
Img_06547,Basophil,irregular,unsegmented-round,no
Img_06548,Basophil,round,irregular,no
Img_06549,Neutrophil,round,unsegmented-band,no
Img_06550,Eosinophil,round,unsegmented-band,no
Img_06551,Neutrophil,round,unsegmented-band,no
Img_06552,Lymphocyte,irregular,unsegmented-round,no
Img_06553,Neutrophil,round,unsegmented-band,no
Img_06554,Lymphocyte,round,unsegmented-round,no
Img_06555,Neutrophil,irregular,unsegmented-band,no
Img_06556,Neutrophil,round,unsegmented-band,no
Img_06557,Neutrophil,round,unsegmented-band,no
Img_06558,Eosinophil,round,segmented-bilobed,no
Img_06559,Neutrophil,irregular,unsegmented-band,no
Img_06560,Eosinophil,round,segmented-bilobed,no
Img_06561,Neutrophil,irregular,unsegmented-band,yes
Img_06562,Neutrophil,round,unsegmented-band,no
Img_06563,Lymphocyte,irregular,unsegmented-round,no
Img_06564,Eosinophil,round,segmented-bilobed,no
Img_06565,Neutrophil,round,unsegmented-band,no
Img_06566,Neutrophil,round,unsegmented-band,no
Img_06567,Neutrophil,irregular,segmented-multilobed,no
Img_06568,Eosinophil,round,segmented-bilobed,no
Img_06569,Basophil,round,irregular,no
Img_06570,Monocyte,irregular,unsegmented-indented,yes
Img_06571,Monocyte,irregular,irregular,yes
Img_06572,Eosinophil,round,segmented-multilobed,no
Img_06573,Eosinophil,round,segmented-multilobed,no
Img_06574,Monocyte,irregular,irregular,yes
Img_06575,Neutrophil,round,unsegmented-band,no
Img_06576,Neutrophil,round,unsegmented-band,no
Img_06577,Neutrophil,round,unsegmented-band,no
Img_06578,Basophil,irregular,irregular,no
Img_06579,Eosinophil,round,segmented-multilobed,no
Img_06580,Basophil,round,irregular,no
Img_06581,Neutrophil,irregular,unsegmented-band,yes
Img_06582,Lymphocyte,irregular,unsegmented-round,no
Img_06583,Monocyte,round,unsegmented-indented,yes
Img_06584,Lymphocyte,round,unsegmented-round,no
Img_06585,Eosinophil,round,segmented-bilobed,no
Img_06586,Neutrophil,round,unsegmented-band,no
Img_06587,Neutrophil,round,unsegmented-band,no
Img_06588,Eosinophil,round,segmented-bilobed,no
Img_06589,Basophil,round,irregular,no
Img_06590,Monocyte,round,unsegmented-indented,yes
Img_06591,Eosinophil,round,segmented-bilobed,no
Img_06592,Neutrophil,irregular,unsegmented-band,yes
Img_06593,Eosinophil,irregular,unsegmented-band,no
Img_06594,Monocyte,round,unsegmented-indented,no
Img_06595,Neutrophil,round,unsegmented-band,no
Img_06596,Neutrophil,round,unsegmented-band,no
Img_06597,Eosinophil,round,unsegmented-band,no
Img_06598,Neutrophil,round,unsegmented-band,no
Img_06599,Neutrophil,round,unsegmented-band,no
Img_06600,Monocyte,round,unsegmented-indented,yes
Img_06601,Neutrophil,irregular,unsegmented-band,no
Img_06602,Basophil,round,irregular,no
Img_06603,Eosinophil,round,segmented-bilobed,no
Img_06604,Lymphocyte,round,unsegmented-round,no
Img_06605,Neutrophil,round,unsegmented-band,no
Img_06606,Eosinophil,round,segmented-multilobed,no
Img_06607,Eosinophil,round,segmented-bilobed,no
Img_06608,Monocyte,round,unsegmented-indented,no
Img_06609,Neutrophil,round,unsegmented-band,no
Img_06610,Eosinophil,round,segmented-bilobed,no
Img_06611,Monocyte,irregular,irregular,yes
Img_06612,Monocyte,round,unsegmented-indented,no
Img_06613,Basophil,irregular,irregular,no
Img_06614,Eosinophil,round,segmented-bilobed,no
Img_06615,Basophil,round,irregular,no
Img_06616,Lymphocyte,round,unsegmented-round,no
Img_06617,Eosinophil,round,segmented-bilobed,no
Img_06618,Monocyte,irregular,unsegmented-indented,yes
Img_06619,Eosinophil,round,segmented-bilobed,no
Img_06620,Monocyte,irregular,irregular,yes
Img_06621,Lymphocyte,irregular,unsegmented-round,no
Img_06622,Neutrophil,round,unsegmented-band,no
Img_06623,Eosinophil,round,segmented-bilobed,no
Img_06624,Monocyte,irregular,irregular,yes
Img_06625,Monocyte,round,unsegmented-indented,no
Img_06626,Monocyte,irregular,unsegmented-indented,yes
Img_06627,Neutrophil,round,unsegmented-band,no
Img_06628,Monocyte,irregular,irregular,yes
Img_06629,Neutrophil,round,unsegmented-band,no
Img_06630,Monocyte,round,unsegmented-indented,no
Img_06631,Lymphocyte,round,unsegmented-round,no
Img_06632,Eosinophil,round,segmented-bilobed,no
Img_06633,Eosinophil,round,segmented-bilobed,no
Img_06634,Eosinophil,irregular,segmented-bilobed,yes
Img_06635,Neutrophil,irregular,segmented-multilobed,yes
Img_06636,Neutrophil,round,unsegmented-band,no
Img_06637,Eosinophil,round,segmented-multilobed,no
Img_06638,Lymphocyte,round,unsegmented-round,no
Img_06639,Eosinophil,round,segmented-bilobed,no
Img_06640,Neutrophil,round,unsegmented-band,no
Img_06641,Monocyte,irregular,irregular,yes
Img_06642,Neutrophil,round,unsegmented-band,no
Img_06643,Neutrophil,round,unsegmented-band,no
Img_06644,Basophil,round,irregular,no
Img_06645,Monocyte,round,unsegmented-indented,no
Img_06646,Eosinophil,round,segmented-multilobed,no
Img_06647,Neutrophil,irregular,unsegmented-band,no
Img_06648,Monocyte,irregular,unsegmented-indented,yes
Img_06649,Lymphocyte,irregular,unsegmented-round,no
Img_06650,Neutrophil,round,unsegmented-band,no
Img_06651,Neutrophil,round,unsegmented-band,no
Img_06652,Neutrophil,round,unsegmented-band,no
Img_06653,Neutrophil,round,segmented-multilobed,no
Img_06654,Eosinophil,round,segmented-bilobed,no
Img_06655,Monocyte,round,unsegmented-indented,no
Img_06656,Eosinophil,round,segmented-bilobed,no
Img_06657,Monocyte,irregular,unsegmented-indented,yes
Img_06658,Lymphocyte,irregular,unsegmented-round,no
Img_06659,Monocyte,round,unsegmented-indented,no
Img_06660,Monocyte,irregular,unsegmented-indented,yes
Img_06661,Neutrophil,round,unsegmented-band,no
Img_06662,Neutrophil,round,unsegmented-band,no
Img_06663,Basophil,round,irregular,no
Img_06664,Eosinophil,round,segmented-bilobed,no
Img_06665,Monocyte,irregular,unsegmented-indented,yes
Img_06666,Eosinophil,round,segmented-bilobed,no
Img_06667,Monocyte,irregular,unsegmented-indented,yes
Img_06668,Monocyte,irregular,irregular,yes
Img_06669,Eosinophil,round,segmented-bilobed,no
Img_06670,Basophil,round,irregular,no
Img_06671,Eosinophil,round,segmented-bilobed,no
Img_06672,Eosinophil,round,segmented-bilobed,no
Img_06673,Monocyte,irregular,unsegmented-indented,yes
Img_06674,Eosinophil,round,segmented-bilobed,no
Img_06675,Monocyte,round,unsegmented-indented,yes
Img_06676,Monocyte,irregular,unsegmented-indented,yes
Img_06677,Lymphocyte,round,unsegmented-round,no
Img_06678,Neutrophil,irregular,segmented-multilobed,no
Img_06679,Neutrophil,irregular,segmented-multilobed,no
Img_06680,Basophil,round,irregular,no
Img_06681,Neutrophil,round,unsegmented-band,no
Img_06682,Neutrophil,round,unsegmented-band,no
Img_06683,Neutrophil,irregular,unsegmented-band,yes
Img_06684,Monocyte,round,unsegmented-indented,no
Img_06685,Basophil,round,irregular,no
Img_06686,Neutrophil,round,unsegmented-band,no
Img_06687,Eosinophil,round,segmented-bilobed,no
Img_06688,Neutrophil,round,unsegmented-band,no
Img_06689,Neutrophil,round,unsegmented-band,no
Img_06690,Neutrophil,round,unsegmented-band,no
Img_06691,Monocyte,irregular,unsegmented-indented,yes
Img_06692,Neutrophil,round,unsegmented-band,yes
Img_06693,Basophil,round,irregular,no
Img_06694,Neutrophil,round,unsegmented-band,no
Img_06695,Basophil,round,irregular,no
Img_06696,Eosinophil,round,segmented-multilobed,no
Img_06697,Neutrophil,round,unsegmented-band,no
Img_06698,Monocyte,irregular,unsegmented-indented,yes
Img_06699,Eosinophil,round,segmented-bilobed,no
Img_06700,Eosinophil,irregular,unsegmented-band,yes
Img_06701,Neutrophil,round,unsegmented-band,no
Img_06702,Neutrophil,round,unsegmented-band,no
Img_06703,Basophil,round,irregular,no
Img_06704,Eosinophil,round,segmented-bilobed,no
Img_06705,Monocyte,irregular,irregular,yes
Img_06706,Eosinophil,round,segmented-bilobed,no
Img_06707,Basophil,round,irregular,no
Img_06708,Lymphocyte,round,unsegmented-round,no
Img_06709,Neutrophil,round,unsegmented-band,no
Img_06710,Eosinophil,round,segmented-bilobed,no
Img_06711,Eosinophil,round,segmented-bilobed,no
Img_06712,Lymphocyte,irregular,unsegmented-round,no
Img_06713,Lymphocyte,round,unsegmented-round,no
Img_06714,Basophil,round,irregular,no
Img_06715,Eosinophil,round,segmented-bilobed,no
Img_06716,Neutrophil,round,unsegmented-band,no
Img_06717,Eosinophil,round,segmented-bilobed,no
Img_06718,Neutrophil,round,unsegmented-band,no
Img_06719,Neutrophil,round,unsegmented-band,no
Img_06720,Neutrophil,round,unsegmented-band,no
Img_06721,Lymphocyte,round,unsegmented-round,no
Img_06722,Neutrophil,irregular,unsegmented-band,no
Img_06723,Basophil,irregular,irregular,no
Img_06724,Neutrophil,round,unsegmented-band,no
Img_06725,Neutrophil,round,unsegmented-band,no
Img_06726,Monocyte,irregular,unsegmented-indented,yes
Img_06727,Eosinophil,round,segmented-bilobed,no
Img_06728,Monocyte,irregular,irregular,yes
Img_06729,Eosinophil,round,segmented-bilobed,no
Img_06730,Neutrophil,round,unsegmented-band,no
Img_06731,Neutrophil,round,unsegmented-band,no
Img_06732,Eosinophil,round,segmented-bilobed,no
Img_06733,Neutrophil,irregular,segmented-multilobed,no
Img_06734,Monocyte,round,unsegmented-indented,yes
Img_06735,Eosinophil,round,segmented-bilobed,no
Img_06736,Neutrophil,round,unsegmented-band,no
Img_06737,Neutrophil,round,unsegmented-band,no
Img_06738,Eosinophil,round,segmented-bilobed,no
Img_06739,Basophil,irregular,irregular,no
Img_06740,Neutrophil,irregular,unsegmented-band,yes
Img_06741,Eosinophil,round,segmented-bilobed,no
Img_06742,Eosinophil,round,unsegmented-band,no
Img_06743,Basophil,round,irregular,no
Img_06744,Eosinophil,irregular,segmented-multilobed,no
Img_06745,Neutrophil,round,unsegmented-band,no
Img_06746,Neutrophil,irregular,irregular,yes
Img_06747,Eosinophil,round,segmented-bilobed,no
Img_06748,Neutrophil,irregular,segmented-multilobed,no
Img_06749,Eosinophil,round,segmented-bilobed,no
Img_06750,Eosinophil,round,segmented-bilobed,no
Img_06751,Neutrophil,irregular,unsegmented-band,yes
Img_06752,Neutrophil,round,unsegmented-band,no
Img_06753,Lymphocyte,round,unsegmented-round,no
Img_06754,Neutrophil,round,unsegmented-band,no
Img_06755,Neutrophil,round,unsegmented-band,no
Img_06756,Eosinophil,round,segmented-bilobed,no
Img_06757,Eosinophil,round,segmented-multilobed,no
Img_06758,Neutrophil,irregular,unsegmented-band,no
Img_06759,Basophil,round,irregular,no
Img_06760,Basophil,round,irregular,no
Img_06761,Monocyte,irregular,unsegmented-indented,yes
Img_06762,Eosinophil,round,segmented-bilobed,no
Img_06763,Eosinophil,round,segmented-bilobed,no
Img_06764,Neutrophil,round,unsegmented-band,no
Img_06765,Eosinophil,round,unsegmented-band,no
Img_06766,Eosinophil,round,segmented-bilobed,no
Img_06767,Neutrophil,round,unsegmented-band,no
Img_06768,Eosinophil,round,segmented-multilobed,no
Img_06769,Eosinophil,round,segmented-bilobed,no
Img_06770,Neutrophil,round,segmented-multilobed,no
Img_06771,Eosinophil,round,segmented-bilobed,no
Img_06772,Eosinophil,round,segmented-multilobed,no
Img_06773,Eosinophil,round,segmented-bilobed,no
Img_06774,Monocyte,irregular,irregular,yes
Img_06775,Lymphocyte,round,unsegmented-round,no
Img_06776,Basophil,irregular,irregular,no
Img_06777,Eosinophil,round,segmented-multilobed,no
Img_06778,Basophil,round,irregular,no
Img_06779,Eosinophil,round,segmented-bilobed,no
Img_06780,Eosinophil,round,segmented-multilobed,no
Img_06781,Basophil,round,irregular,no
Img_06782,Monocyte,irregular,unsegmented-indented,yes
Img_06783,Eosinophil,round,segmented-bilobed,no
Img_06784,Eosinophil,round,segmented-bilobed,no
Img_06785,Neutrophil,round,unsegmented-band,no
Img_06786,Eosinophil,round,segmented-bilobed,no
Img_06787,Neutrophil,round,unsegmented-band,no
Img_06788,Eosinophil,round,segmented-bilobed,no
Img_06789,Monocyte,irregular,unsegmented-indented,yes
Img_06790,Neutrophil,round,unsegmented-band,no
Img_06791,Basophil,round,irregular,no
Img_06792,Eosinophil,round,segmented-bilobed,no
Img_06793,Neutrophil,round,unsegmented-band,no
Img_06794,Eosinophil,round,segmented-bilobed,no
Img_06795,Neutrophil,irregular,unsegmented-band,no
Img_06796,Eosinophil,round,segmented-bilobed,no
Img_06797,Eosinophil,round,unsegmented-band,no
Img_06798,Eosinophil,round,unsegmented-band,no
Img_06799,Eosinophil,round,segmented-bilobed,no
Img_06800,Eosinophil,round,segmented-bilobed,no
Img_06801,Basophil,round,irregular,no
Img_06802,Lymphocyte,round,unsegmented-round,no
Img_06803,Basophil,round,irregular,no
Img_06804,Eosinophil,round,segmented-bilobed,no
Img_06805,Basophil,round,irregular,no
Img_06806,Lymphocyte,irregular,unsegmented-round,no
Img_06807,Basophil,round,irregular,no
Img_06808,Eosinophil,round,segmented-bilobed,no
Img_06809,Eosinophil,round,segmented-bilobed,no
Img_06810,Monocyte,irregular,unsegmented-indented,yes
Img_06811,Eosinophil,round,segmented-multilobed,no
Img_06812,Neutrophil,round,unsegmented-band,no
Img_06813,Lymphocyte,round,unsegmented-round,no
Img_06814,Neutrophil,round,unsegmented-band,no
Img_06815,Monocyte,irregular,unsegmented-indented,yes
Img_06816,Neutrophil,round,unsegmented-band,no
Img_06817,Eosinophil,round,segmented-bilobed,no
Img_06818,Monocyte,round,unsegmented-indented,no
Img_06819,Monocyte,round,unsegmented-indented,no
Img_06820,Neutrophil,irregular,unsegmented-band,no
Img_06821,Eosinophil,round,segmented-bilobed,no
Img_06822,Lymphocyte,round,unsegmented-round,no
Img_06823,Neutrophil,round,unsegmented-band,no
Img_06824,Eosinophil,round,segmented-bilobed,no
Img_06825,Lymphocyte,irregular,unsegmented-round,no
Img_06826,Eosinophil,round,segmented-bilobed,no
Img_06827,Neutrophil,round,unsegmented-band,no
Img_06828,Neutrophil,round,unsegmented-band,no
Img_06829,Monocyte,irregular,unsegmented-indented,yes
Img_06830,Lymphocyte,irregular,unsegmented-round,no
Img_06831,Neutrophil,round,unsegmented-band,no
Img_06832,Eosinophil,round,segmented-bilobed,no
Img_06833,Neutrophil,round,unsegmented-band,no
Img_06834,Lymphocyte,round,unsegmented-round,no
Img_06835,Neutrophil,irregular,unsegmented-band,no
Img_06836,Lymphocyte,round,unsegmented-round,no
Img_06837,Neutrophil,round,unsegmented-band,no
Img_06838,Neutrophil,round,segmented-multilobed,no
Img_06839,Basophil,irregular,irregular,no
Img_06840,Neutrophil,round,unsegmented-band,no
Img_06841,Neutrophil,round,unsegmented-band,no
Img_06842,Basophil,round,irregular,no
Img_06843,Lymphocyte,round,unsegmented-round,no
Img_06844,Eosinophil,round,segmented-bilobed,no
Img_06845,Neutrophil,round,unsegmented-band,no
Img_06846,Eosinophil,round,segmented-bilobed,no
Img_06847,Eosinophil,round,segmented-bilobed,no
Img_06848,Eosinophil,round,segmented-bilobed,no
Img_06849,Lymphocyte,irregular,unsegmented-round,no
Img_06850,Basophil,round,irregular,no
Img_06851,Eosinophil,round,segmented-bilobed,no
Img_06852,Eosinophil,round,segmented-multilobed,no
Img_06853,Eosinophil,round,segmented-bilobed,no
Img_06854,Eosinophil,round,unsegmented-band,no
Img_06855,Lymphocyte,round,unsegmented-round,no
Img_06856,Monocyte,irregular,unsegmented-indented,yes
Img_06857,Eosinophil,round,segmented-bilobed,no
Img_06858,Eosinophil,round,segmented-bilobed,no
Img_06859,Neutrophil,round,unsegmented-band,no
Img_06860,Neutrophil,round,unsegmented-band,no
Img_06861,Eosinophil,round,segmented-bilobed,no
Img_06862,Monocyte,round,unsegmented-indented,no
Img_06863,Basophil,round,irregular,no
Img_06864,Eosinophil,round,segmented-multilobed,no
Img_06865,Eosinophil,round,segmented-bilobed,no
Img_06866,Monocyte,irregular,unsegmented-indented,yes
Img_06867,Neutrophil,round,unsegmented-band,no
Img_06868,Eosinophil,round,segmented-multilobed,no
Img_06869,Neutrophil,round,segmented-multilobed,no
Img_06870,Neutrophil,round,unsegmented-band,no
Img_06871,Monocyte,irregular,irregular,yes
Img_06872,Basophil,round,irregular,no
Img_06873,Neutrophil,round,unsegmented-band,no
Img_06874,Monocyte,irregular,unsegmented-indented,yes
Img_06875,Neutrophil,round,unsegmented-band,no
Img_06876,Neutrophil,round,unsegmented-band,no
Img_06877,Lymphocyte,round,unsegmented-round,no
Img_06878,Monocyte,irregular,irregular,yes
Img_06879,Neutrophil,round,unsegmented-band,no
Img_06880,Basophil,irregular,irregular,no
Img_06881,Neutrophil,round,unsegmented-band,no
Img_06882,Eosinophil,irregular,segmented-multilobed,no
Img_06883,Neutrophil,irregular,unsegmented-band,no
Img_06884,Monocyte,irregular,unsegmented-indented,yes
Img_06885,Lymphocyte,round,unsegmented-round,no
Img_06886,Neutrophil,irregular,segmented-multilobed,no
Img_06887,Monocyte,irregular,unsegmented-indented,yes
Img_06888,Eosinophil,round,segmented-bilobed,no
Img_06889,Neutrophil,round,unsegmented-band,no
Img_06890,Neutrophil,irregular,segmented-multilobed,yes
Img_06891,Eosinophil,round,segmented-bilobed,no
Img_06892,Lymphocyte,round,unsegmented-round,no
Img_06893,Basophil,irregular,irregular,no
Img_06894,Neutrophil,round,segmented-multilobed,no
Img_06895,Neutrophil,round,segmented-multilobed,no
Img_06896,Neutrophil,round,unsegmented-band,no
Img_06897,Monocyte,irregular,irregular,yes
Img_06898,Eosinophil,round,segmented-bilobed,no
Img_06899,Monocyte,irregular,irregular,yes
Img_06900,Neutrophil,round,unsegmented-band,no
Img_06901,Eosinophil,round,segmented-bilobed,no
Img_06902,Eosinophil,round,segmented-bilobed,no
Img_06903,Neutrophil,round,unsegmented-band,no
Img_06904,Eosinophil,round,segmented-bilobed,no
Img_06905,Lymphocyte,round,unsegmented-round,no
Img_06906,Eosinophil,round,segmented-bilobed,no
Img_06907,Eosinophil,round,segmented-bilobed,no
Img_06908,Eosinophil,round,segmented-bilobed,no
Img_06909,Lymphocyte,round,unsegmented-round,no
Img_06910,Eosinophil,round,segmented-bilobed,no
Img_06911,Eosinophil,round,segmented-bilobed,no
Img_06912,Eosinophil,round,segmented-bilobed,no
Img_06913,Neutrophil,round,unsegmented-band,no
Img_06914,Neutrophil,irregular,segmented-multilobed,no
Img_06915,Monocyte,round,unsegmented-indented,no
Img_06916,Neutrophil,round,unsegmented-band,no
Img_06917,Monocyte,round,unsegmented-indented,no
Img_06918,Lymphocyte,irregular,unsegmented-round,no
Img_06919,Eosinophil,round,segmented-bilobed,no
Img_06920,Neutrophil,round,unsegmented-band,no
Img_06921,Basophil,round,irregular,no
Img_06922,Lymphocyte,round,unsegmented-round,no
Img_06923,Monocyte,round,unsegmented-indented,no
Img_06924,Eosinophil,round,segmented-bilobed,no
Img_06925,Eosinophil,round,segmented-bilobed,no
Img_06926,Lymphocyte,round,unsegmented-round,no
Img_06927,Eosinophil,round,unsegmented-band,no
Img_06928,Basophil,round,irregular,no
Img_06929,Eosinophil,round,unsegmented-band,no
Img_06930,Basophil,round,irregular,no
Img_06931,Lymphocyte,round,unsegmented-round,no
Img_06932,Basophil,round,irregular,no
Img_06933,Basophil,round,irregular,no
Img_06934,Monocyte,irregular,irregular,yes
Img_06935,Eosinophil,irregular,segmented-bilobed,no
Img_06936,Monocyte,irregular,unsegmented-indented,yes
Img_06937,Eosinophil,round,segmented-bilobed,no
Img_06938,Eosinophil,round,segmented-multilobed,no
Img_06939,Neutrophil,irregular,unsegmented-band,no
Img_06940,Lymphocyte,round,unsegmented-round,no
Img_06941,Monocyte,round,unsegmented-indented,yes
Img_06942,Neutrophil,irregular,segmented-multilobed,no
Img_06943,Eosinophil,round,segmented-bilobed,no
Img_06944,Neutrophil,round,unsegmented-band,no
Img_06945,Basophil,round,unsegmented-round,no
Img_06946,Eosinophil,round,segmented-multilobed,no
Img_06947,Eosinophil,round,segmented-bilobed,no
Img_06948,Neutrophil,round,unsegmented-band,no
Img_06949,Basophil,round,irregular,no
Img_06950,Neutrophil,round,unsegmented-band,no
Img_06951,Neutrophil,round,unsegmented-band,no
Img_06952,Basophil,round,irregular,no
Img_06953,Neutrophil,round,unsegmented-band,no
Img_06954,Lymphocyte,round,unsegmented-round,no
Img_06955,Lymphocyte,round,unsegmented-round,no
Img_06956,Eosinophil,round,segmented-bilobed,no
Img_06957,Basophil,round,irregular,no
Img_06958,Neutrophil,round,unsegmented-band,no
Img_06959,Neutrophil,irregular,unsegmented-band,yes
Img_06960,Lymphocyte,irregular,unsegmented-indented,no
Img_06961,Eosinophil,round,segmented-bilobed,no
Img_06962,Monocyte,round,unsegmented-indented,no
Img_06963,Neutrophil,round,unsegmented-band,no
Img_06964,Eosinophil,round,segmented-bilobed,no
Img_06965,Eosinophil,round,segmented-multilobed,no
Img_06966,Basophil,round,irregular,no
Img_06967,Basophil,round,irregular,no
Img_06968,Eosinophil,round,segmented-bilobed,no
Img_06969,Basophil,round,irregular,no
Img_06970,Basophil,round,irregular,no
Img_06971,Monocyte,irregular,unsegmented-indented,yes
Img_06972,Eosinophil,round,segmented-bilobed,no
Img_06973,Eosinophil,round,segmented-bilobed,no
Img_06974,Eosinophil,round,segmented-multilobed,no
Img_06975,Basophil,round,irregular,no
Img_06976,Neutrophil,round,segmented-multilobed,no
Img_06977,Eosinophil,round,segmented-bilobed,no
Img_06978,Monocyte,irregular,unsegmented-indented,yes
Img_06979,Neutrophil,round,unsegmented-band,no
Img_06980,Basophil,round,irregular,no
Img_06981,Basophil,round,irregular,no
Img_06982,Basophil,round,irregular,no
Img_06983,Eosinophil,round,segmented-bilobed,no
Img_06984,Eosinophil,round,segmented-bilobed,no
Img_06985,Monocyte,round,unsegmented-indented,no
Img_06986,Neutrophil,round,unsegmented-band,no
Img_06987,Neutrophil,irregular,unsegmented-band,no
Img_06988,Neutrophil,round,unsegmented-band,no
Img_06989,Neutrophil,round,unsegmented-band,no
Img_06990,Lymphocyte,round,unsegmented-round,no
Img_06991,Monocyte,irregular,unsegmented-indented,yes
Img_06992,Eosinophil,round,segmented-bilobed,no
Img_06993,Eosinophil,round,segmented-multilobed,no
Img_06994,Eosinophil,round,segmented-bilobed,no
Img_06995,Neutrophil,irregular,unsegmented-band,yes
Img_06996,Eosinophil,round,segmented-bilobed,no
Img_06997,Lymphocyte,irregular,unsegmented-round,no
Img_06998,Lymphocyte,irregular,unsegmented-round,no
Img_06999,Neutrophil,irregular,unsegmented-band,no
Img_07000,Eosinophil,round,segmented-bilobed,no
Img_07001,Basophil,round,irregular,no
Img_07002,Neutrophil,round,unsegmented-band,no
Img_07003,Neutrophil,round,unsegmented-band,no
Img_07004,Monocyte,round,unsegmented-indented,no
Img_07005,Eosinophil,round,segmented-bilobed,no
Img_07006,Neutrophil,irregular,unsegmented-band,no
Img_07007,Lymphocyte,round,unsegmented-round,no
Img_07008,Neutrophil,round,unsegmented-band,no
Img_07009,Neutrophil,round,unsegmented-band,no
Img_07010,Monocyte,round,unsegmented-indented,no
Img_07011,Basophil,round,irregular,no
Img_07012,Eosinophil,irregular,segmented-bilobed,no
Img_07013,Eosinophil,round,segmented-bilobed,no
Img_07014,Eosinophil,round,segmented-bilobed,no
Img_07015,Neutrophil,round,segmented-multilobed,no
Img_07016,Monocyte,round,unsegmented-indented,no
Img_07017,Basophil,round,irregular,no
Img_07018,Neutrophil,round,unsegmented-band,yes
Img_07019,Basophil,round,irregular,no
Img_07020,Neutrophil,round,unsegmented-band,no
Img_07021,Neutrophil,irregular,unsegmented-band,no
Img_07022,Neutrophil,round,unsegmented-band,no
Img_07023,Neutrophil,irregular,segmented-multilobed,no
Img_07024,Neutrophil,round,unsegmented-band,no
Img_07025,Lymphocyte,round,unsegmented-round,no
Img_07026,Monocyte,round,unsegmented-indented,yes
Img_07027,Eosinophil,round,segmented-bilobed,no
Img_07028,Basophil,round,irregular,no
Img_07029,Neutrophil,round,unsegmented-band,no
Img_07030,Monocyte,irregular,unsegmented-indented,yes
Img_07031,Eosinophil,round,segmented-bilobed,no
Img_07032,Basophil,round,irregular,no
Img_07033,Neutrophil,round,unsegmented-band,no
Img_07034,Eosinophil,irregular,segmented-multilobed,no
Img_07035,Neutrophil,round,unsegmented-band,no
Img_07036,Eosinophil,round,segmented-multilobed,no
Img_07037,Neutrophil,round,unsegmented-band,no
Img_07038,Lymphocyte,round,unsegmented-round,no
Img_07039,Eosinophil,round,segmented-bilobed,no
Img_07040,Basophil,round,irregular,no
Img_07041,Neutrophil,round,unsegmented-band,no
Img_07042,Eosinophil,round,segmented-bilobed,no
Img_07043,Monocyte,irregular,unsegmented-indented,yes
Img_07044,Eosinophil,irregular,segmented-multilobed,no
Img_07045,Neutrophil,round,unsegmented-band,no
Img_07046,Monocyte,irregular,unsegmented-indented,yes
Img_07047,Eosinophil,round,segmented-bilobed,no
Img_07048,Lymphocyte,irregular,unsegmented-round,no
Img_07049,Eosinophil,round,unsegmented-band,no
Img_07050,Lymphocyte,irregular,unsegmented-round,no
Img_07051,Basophil,round,irregular,no
Img_07052,Eosinophil,round,segmented-bilobed,no
Img_07053,Neutrophil,round,unsegmented-band,no
Img_07054,Monocyte,irregular,unsegmented-indented,yes
Img_07055,Lymphocyte,round,unsegmented-round,no
Img_07056,Neutrophil,round,unsegmented-band,no
Img_07057,Monocyte,round,unsegmented-indented,no
Img_07058,Eosinophil,round,segmented-multilobed,no
Img_07059,Eosinophil,round,segmented-bilobed,no
Img_07060,Neutrophil,round,segmented-multilobed,no
Img_07061,Eosinophil,round,segmented-bilobed,no
Img_07062,Neutrophil,round,unsegmented-band,no
Img_07063,Monocyte,irregular,unsegmented-indented,no
Img_07064,Basophil,round,irregular,no
Img_07065,Eosinophil,round,unsegmented-band,no
Img_07066,Basophil,round,irregular,no
Img_07067,Neutrophil,irregular,unsegmented-band,no
Img_07068,Basophil,round,irregular,no
Img_07069,Eosinophil,round,segmented-bilobed,no
Img_07070,Neutrophil,round,unsegmented-band,no
Img_07071,Monocyte,irregular,irregular,yes
Img_07072,Monocyte,irregular,unsegmented-indented,yes
Img_07073,Basophil,round,irregular,no
Img_07074,Eosinophil,round,segmented-bilobed,no
Img_07075,Eosinophil,round,segmented-bilobed,no
Img_07076,Eosinophil,round,segmented-bilobed,no
Img_07077,Monocyte,irregular,unsegmented-indented,yes
Img_07078,Neutrophil,round,unsegmented-band,no
Img_07079,Lymphocyte,round,unsegmented-round,no
Img_07080,Eosinophil,round,segmented-bilobed,no
Img_07081,Lymphocyte,round,unsegmented-round,no
Img_07082,Eosinophil,round,segmented-multilobed,no
Img_07083,Neutrophil,irregular,unsegmented-band,yes
Img_07084,Basophil,irregular,irregular,no
Img_07085,Lymphocyte,round,unsegmented-round,no
Img_07086,Neutrophil,round,unsegmented-band,no
Img_07087,Eosinophil,round,unsegmented-band,no
Img_07088,Neutrophil,round,segmented-multilobed,no
Img_07089,Neutrophil,round,unsegmented-band,no
Img_07090,Neutrophil,irregular,unsegmented-band,no
Img_07091,Neutrophil,round,unsegmented-band,no
Img_07092,Basophil,round,irregular,no
Img_07093,Basophil,round,irregular,no
Img_07094,Neutrophil,round,unsegmented-band,yes
Img_07095,Monocyte,round,unsegmented-indented,no
Img_07096,Neutrophil,round,segmented-multilobed,no
Img_07097,Eosinophil,round,segmented-bilobed,no
Img_07098,Eosinophil,round,segmented-multilobed,no
Img_07099,Monocyte,round,unsegmented-indented,no
Img_07100,Basophil,round,irregular,no
Img_07101,Neutrophil,irregular,unsegmented-band,no
Img_07102,Eosinophil,round,segmented-multilobed,no
Img_07103,Monocyte,irregular,irregular,yes
Img_07104,Neutrophil,round,segmented-bilobed,no
Img_07105,Neutrophil,round,unsegmented-band,no
Img_07106,Lymphocyte,round,unsegmented-round,no
Img_07107,Eosinophil,round,segmented-bilobed,no
Img_07108,Eosinophil,round,segmented-multilobed,no
Img_07109,Monocyte,round,unsegmented-indented,yes
Img_07110,Neutrophil,round,unsegmented-band,no
Img_07111,Neutrophil,irregular,unsegmented-band,no
Img_07112,Neutrophil,round,unsegmented-band,no
Img_07113,Eosinophil,round,segmented-bilobed,no
Img_07114,Eosinophil,round,segmented-bilobed,no
Img_07115,Eosinophil,round,segmented-bilobed,no
Img_07116,Basophil,round,irregular,no
Img_07117,Eosinophil,round,segmented-bilobed,no
Img_07118,Monocyte,round,unsegmented-indented,yes
Img_07119,Eosinophil,irregular,unsegmented-band,no
Img_07120,Neutrophil,round,unsegmented-band,no
Img_07121,Eosinophil,round,segmented-multilobed,no
Img_07122,Monocyte,round,unsegmented-indented,no
Img_07123,Eosinophil,round,segmented-bilobed,no
Img_07124,Neutrophil,irregular,unsegmented-band,no
Img_07125,Basophil,round,irregular,no
Img_07126,Basophil,round,irregular,no
Img_07127,Eosinophil,irregular,segmented-bilobed,no
Img_07128,Eosinophil,round,segmented-bilobed,no
Img_07129,Lymphocyte,round,unsegmented-round,no
Img_07130,Lymphocyte,irregular,unsegmented-round,no
Img_07131,Eosinophil,round,segmented-bilobed,no
Img_07132,Lymphocyte,round,unsegmented-round,no
Img_07133,Neutrophil,round,unsegmented-band,no
Img_07134,Neutrophil,irregular,unsegmented-band,yes
Img_07135,Neutrophil,round,unsegmented-band,no
Img_07136,Lymphocyte,irregular,unsegmented-round,no
Img_07137,Basophil,round,irregular,no
Img_07138,Monocyte,round,unsegmented-indented,no
Img_07139,Eosinophil,round,segmented-bilobed,no
Img_07140,Neutrophil,irregular,unsegmented-band,no
Img_07141,Neutrophil,irregular,segmented-multilobed,no
Img_07142,Eosinophil,round,segmented-bilobed,no
Img_07143,Monocyte,round,unsegmented-indented,no
Img_07144,Neutrophil,irregular,unsegmented-band,no
Img_07145,Neutrophil,round,unsegmented-band,no
Img_07146,Eosinophil,round,segmented-bilobed,no
Img_07147,Eosinophil,round,segmented-bilobed,no
Img_07148,Eosinophil,round,segmented-bilobed,no
Img_07149,Lymphocyte,round,unsegmented-indented,no
Img_07150,Neutrophil,round,unsegmented-band,no
Img_07151,Basophil,round,irregular,no
Img_07152,Lymphocyte,round,unsegmented-round,no
Img_07153,Neutrophil,round,unsegmented-band,no
Img_07154,Lymphocyte,round,unsegmented-round,no
Img_07155,Basophil,round,irregular,no
Img_07156,Neutrophil,round,unsegmented-band,no
Img_07157,Neutrophil,round,unsegmented-band,no
Img_07158,Neutrophil,round,unsegmented-band,no
Img_07159,Monocyte,round,unsegmented-indented,no
Img_07160,Eosinophil,round,segmented-bilobed,no
Img_07161,Monocyte,irregular,irregular,yes
Img_07162,Eosinophil,round,segmented-bilobed,no
Img_07163,Basophil,round,irregular,no
Img_07164,Eosinophil,round,segmented-bilobed,no
Img_07165,Eosinophil,round,segmented-multilobed,no
Img_07166,Monocyte,round,unsegmented-indented,no
Img_07167,Neutrophil,irregular,unsegmented-band,yes
Img_07168,Lymphocyte,round,unsegmented-round,no
Img_07169,Eosinophil,round,segmented-bilobed,no
Img_07170,Eosinophil,round,segmented-bilobed,no
Img_07171,Eosinophil,round,segmented-multilobed,no
Img_07172,Neutrophil,round,unsegmented-band,no
Img_07173,Neutrophil,round,unsegmented-band,no
Img_07174,Basophil,irregular,irregular,no
Img_07175,Neutrophil,round,unsegmented-band,no
Img_07176,Basophil,round,irregular,no
Img_07177,Eosinophil,round,segmented-bilobed,no
Img_07178,Monocyte,round,unsegmented-indented,yes
Img_07179,Eosinophil,round,segmented-bilobed,no
Img_07180,Neutrophil,round,unsegmented-band,no
Img_07181,Eosinophil,round,segmented-bilobed,no
Img_07182,Monocyte,irregular,unsegmented-indented,yes
Img_07183,Neutrophil,round,unsegmented-band,no
Img_07184,Basophil,round,unsegmented-indented,no
Img_07185,Eosinophil,round,segmented-bilobed,no
Img_07186,Neutrophil,round,unsegmented-band,no
Img_07187,Lymphocyte,round,unsegmented-round,no
Img_07188,Lymphocyte,round,unsegmented-round,no
Img_07189,Basophil,round,irregular,no
Img_07190,Neutrophil,irregular,unsegmented-band,no
Img_07191,Eosinophil,round,segmented-bilobed,no
Img_07192,Neutrophil,round,unsegmented-band,no
Img_07193,Lymphocyte,round,unsegmented-round,no
Img_07194,Monocyte,irregular,irregular,yes
Img_07195,Eosinophil,round,segmented-bilobed,no
Img_07196,Lymphocyte,round,unsegmented-round,no
Img_07197,Eosinophil,round,segmented-bilobed,no
Img_07198,Monocyte,irregular,unsegmented-indented,yes
Img_07199,Monocyte,irregular,irregular,yes
Img_07200,Neutrophil,round,unsegmented-band,no
Img_07201,Neutrophil,round,unsegmented-band,no
Img_07202,Monocyte,irregular,irregular,yes
Img_07203,Eosinophil,round,segmented-bilobed,no
Img_07204,Eosinophil,round,segmented-bilobed,no
Img_07205,Neutrophil,round,unsegmented-band,yes
Img_07206,Neutrophil,round,unsegmented-band,no
Img_07207,Neutrophil,irregular,unsegmented-band,no
Img_07208,Eosinophil,round,segmented-bilobed,no
Img_07209,Neutrophil,round,unsegmented-band,no
Img_07210,Basophil,round,irregular,no
Img_07211,Eosinophil,round,segmented-multilobed,no
Img_07212,Lymphocyte,irregular,unsegmented-round,no
Img_07213,Neutrophil,round,unsegmented-band,no
Img_07214,Monocyte,irregular,unsegmented-indented,yes
Img_07215,Neutrophil,irregular,unsegmented-band,no
Img_07216,Basophil,round,irregular,no
Img_07217,Lymphocyte,round,unsegmented-round,no
Img_07218,Lymphocyte,irregular,unsegmented-round,no
Img_07219,Eosinophil,round,segmented-bilobed,no
Img_07220,Neutrophil,irregular,unsegmented-band,no
Img_07221,Eosinophil,round,segmented-bilobed,no
Img_07222,Basophil,round,irregular,no
Img_07223,Monocyte,irregular,irregular,yes
Img_07224,Neutrophil,irregular,unsegmented-band,yes
Img_07225,Neutrophil,round,unsegmented-band,no
Img_07226,Eosinophil,round,segmented-bilobed,no
Img_07227,Neutrophil,round,unsegmented-band,no
Img_07228,Eosinophil,round,segmented-bilobed,no
Img_07229,Neutrophil,round,unsegmented-band,no
Img_07230,Basophil,irregular,irregular,no
Img_07231,Eosinophil,round,segmented-bilobed,no
Img_07232,Lymphocyte,round,unsegmented-round,no
Img_07233,Monocyte,round,unsegmented-indented,yes
Img_07234,Eosinophil,round,segmented-bilobed,no
Img_07235,Eosinophil,round,segmented-bilobed,no
Img_07236,Lymphocyte,irregular,unsegmented-round,no
Img_07237,Eosinophil,round,segmented-bilobed,no
Img_07238,Basophil,round,irregular,no
Img_07239,Eosinophil,round,segmented-bilobed,no
Img_07240,Lymphocyte,round,unsegmented-round,no
Img_07241,Monocyte,irregular,unsegmented-indented,yes
Img_07242,Eosinophil,round,segmented-bilobed,no
Img_07243,Eosinophil,round,segmented-bilobed,no
Img_07244,Basophil,round,irregular,no
Img_07245,Eosinophil,round,segmented-bilobed,no
Img_07246,Eosinophil,round,segmented-bilobed,no
Img_07247,Neutrophil,round,segmented-bilobed,no
Img_07248,Eosinophil,round,segmented-bilobed,no
Img_07249,Monocyte,irregular,unsegmented-indented,yes
Img_07250,Neutrophil,round,unsegmented-band,no
Img_07251,Lymphocyte,round,unsegmented-round,no
Img_07252,Neutrophil,round,unsegmented-band,no
Img_07253,Neutrophil,irregular,unsegmented-band,no
Img_07254,Eosinophil,round,segmented-bilobed,no
Img_07255,Neutrophil,round,unsegmented-band,no
Img_07256,Lymphocyte,round,unsegmented-round,no
Img_07257,Lymphocyte,round,unsegmented-round,no
Img_07258,Neutrophil,irregular,unsegmented-band,yes
Img_07259,Neutrophil,round,unsegmented-band,no
Img_07260,Neutrophil,irregular,unsegmented-band,no
Img_07261,Neutrophil,irregular,segmented-multilobed,no
Img_07262,Neutrophil,irregular,unsegmented-band,no
Img_07263,Eosinophil,round,segmented-bilobed,no
Img_07264,Lymphocyte,round,unsegmented-round,no
Img_07265,Neutrophil,round,unsegmented-band,no
Img_07266,Eosinophil,round,segmented-bilobed,no
Img_07267,Neutrophil,round,unsegmented-band,no
Img_07268,Neutrophil,irregular,unsegmented-band,no
Img_07269,Neutrophil,irregular,segmented-multilobed,no
Img_07270,Monocyte,irregular,unsegmented-indented,yes
Img_07271,Neutrophil,irregular,unsegmented-band,yes
Img_07272,Basophil,round,irregular,no
Img_07273,Basophil,round,irregular,no
Img_07274,Neutrophil,round,unsegmented-band,no
Img_07275,Neutrophil,round,segmented-multilobed,no
Img_07276,Neutrophil,round,unsegmented-band,no
Img_07277,Neutrophil,round,unsegmented-band,no
Img_07278,Neutrophil,round,unsegmented-band,no
Img_07279,Monocyte,irregular,unsegmented-indented,yes
Img_07280,Basophil,round,irregular,no
Img_07281,Neutrophil,round,unsegmented-band,no
Img_07282,Lymphocyte,round,unsegmented-round,no
Img_07283,Eosinophil,round,segmented-bilobed,no
Img_07284,Neutrophil,round,unsegmented-band,no
Img_07285,Eosinophil,round,segmented-bilobed,no
Img_07286,Monocyte,irregular,unsegmented-indented,yes
Img_07287,Monocyte,irregular,unsegmented-indented,yes
Img_07288,Neutrophil,round,unsegmented-band,no
Img_07289,Monocyte,irregular,irregular,yes
Img_07290,Eosinophil,round,segmented-bilobed,no
Img_07291,Monocyte,round,unsegmented-indented,no
Img_07292,Neutrophil,round,unsegmented-band,no
Img_07293,Eosinophil,round,segmented-bilobed,no
Img_07294,Monocyte,irregular,irregular,yes
Img_07295,Neutrophil,round,unsegmented-band,no
Img_07296,Lymphocyte,round,unsegmented-round,no
Img_07297,Eosinophil,round,segmented-bilobed,no
Img_07298,Lymphocyte,irregular,irregular,no
Img_07299,Basophil,round,irregular,no
Img_07300,Neutrophil,round,unsegmented-band,no
Img_07301,Eosinophil,round,segmented-bilobed,no
Img_07302,Neutrophil,round,unsegmented-band,no
Img_07303,Neutrophil,round,unsegmented-band,no
Img_07304,Eosinophil,round,segmented-bilobed,no
Img_07305,Eosinophil,round,segmented-bilobed,no
Img_07306,Neutrophil,irregular,unsegmented-band,no
Img_07307,Eosinophil,round,unsegmented-band,no
Img_07308,Lymphocyte,round,unsegmented-round,no
Img_07309,Lymphocyte,round,unsegmented-round,no
Img_07310,Neutrophil,round,unsegmented-band,no
Img_07311,Neutrophil,round,unsegmented-band,no
Img_07312,Eosinophil,round,segmented-bilobed,no
Img_07313,Neutrophil,irregular,unsegmented-band,no
Img_07314,Neutrophil,round,unsegmented-band,no
Img_07315,Neutrophil,round,unsegmented-band,no
Img_07316,Neutrophil,round,segmented-multilobed,no
Img_07317,Lymphocyte,round,unsegmented-round,no
Img_07318,Eosinophil,round,segmented-multilobed,no
Img_07319,Eosinophil,round,segmented-bilobed,no
Img_07320,Monocyte,irregular,irregular,yes
Img_07321,Neutrophil,irregular,unsegmented-band,no
Img_07322,Neutrophil,round,unsegmented-band,no
Img_07323,Monocyte,irregular,irregular,yes
Img_07324,Eosinophil,round,segmented-bilobed,no
Img_07325,Eosinophil,round,segmented-bilobed,no
Img_07326,Eosinophil,round,segmented-bilobed,no
Img_07327,Neutrophil,round,unsegmented-band,no
Img_07328,Eosinophil,round,unsegmented-band,no
Img_07329,Eosinophil,round,segmented-bilobed,no
Img_07330,Eosinophil,round,unsegmented-band,no
Img_07331,Monocyte,round,unsegmented-indented,no
Img_07332,Basophil,round,irregular,no
Img_07333,Neutrophil,round,unsegmented-band,no
Img_07334,Lymphocyte,irregular,unsegmented-round,no
Img_07335,Neutrophil,irregular,unsegmented-band,no
Img_07336,Neutrophil,round,unsegmented-band,no
Img_07337,Lymphocyte,round,unsegmented-round,no
Img_07338,Neutrophil,round,unsegmented-band,no
Img_07339,Neutrophil,round,segmented-multilobed,no
Img_07340,Eosinophil,round,segmented-bilobed,no
Img_07341,Neutrophil,round,unsegmented-band,no
Img_07342,Neutrophil,irregular,unsegmented-band,yes
Img_07343,Lymphocyte,irregular,unsegmented-round,no
Img_07344,Monocyte,irregular,unsegmented-indented,yes
Img_07345,Eosinophil,round,segmented-bilobed,no
Img_07346,Neutrophil,round,unsegmented-band,no
Img_07347,Eosinophil,irregular,segmented-multilobed,no
Img_07348,Neutrophil,round,unsegmented-band,no
Img_07349,Monocyte,round,unsegmented-indented,no
Img_07350,Eosinophil,round,segmented-bilobed,no
Img_07351,Neutrophil,round,unsegmented-band,no
Img_07352,Eosinophil,irregular,segmented-multilobed,no
Img_07353,Eosinophil,round,segmented-multilobed,no
Img_07354,Eosinophil,round,segmented-bilobed,no
Img_07355,Neutrophil,irregular,unsegmented-band,no
Img_07356,Lymphocyte,irregular,unsegmented-round,no
Img_07357,Eosinophil,round,segmented-bilobed,no
Img_07358,Eosinophil,round,segmented-bilobed,no
Img_07359,Monocyte,round,unsegmented-indented,no
Img_07360,Basophil,round,irregular,no
Img_07361,Eosinophil,round,segmented-bilobed,no
Img_07362,Eosinophil,round,segmented-bilobed,no
Img_07363,Eosinophil,round,segmented-multilobed,no
Img_07364,Eosinophil,round,segmented-bilobed,no
Img_07365,Monocyte,irregular,unsegmented-indented,yes
Img_07366,Eosinophil,round,segmented-bilobed,no
Img_07367,Eosinophil,round,segmented-bilobed,no
Img_07368,Eosinophil,round,segmented-bilobed,no
Img_07369,Eosinophil,round,segmented-bilobed,no
Img_07370,Neutrophil,irregular,unsegmented-band,no
Img_07371,Neutrophil,round,segmented-multilobed,no
Img_07372,Neutrophil,round,unsegmented-band,no
Img_07373,Neutrophil,round,unsegmented-band,no
Img_07374,Eosinophil,round,segmented-bilobed,no
Img_07375,Basophil,round,irregular,no
Img_07376,Eosinophil,round,segmented-multilobed,no
Img_07377,Monocyte,round,unsegmented-indented,no
Img_07378,Eosinophil,round,segmented-bilobed,no
Img_07379,Neutrophil,round,segmented-multilobed,no
Img_07380,Monocyte,irregular,irregular,yes
Img_07381,Eosinophil,round,segmented-multilobed,no
Img_07382,Lymphocyte,irregular,unsegmented-round,no
Img_07383,Eosinophil,round,segmented-bilobed,no
Img_07384,Lymphocyte,irregular,unsegmented-round,no
Img_07385,Lymphocyte,round,unsegmented-round,no
Img_07386,Lymphocyte,round,unsegmented-round,no
Img_07387,Neutrophil,round,unsegmented-band,no
Img_07388,Eosinophil,round,segmented-bilobed,no
Img_07389,Eosinophil,round,segmented-bilobed,no
Img_07390,Neutrophil,irregular,unsegmented-band,no
Img_07391,Eosinophil,round,segmented-bilobed,no
Img_07392,Neutrophil,irregular,segmented-multilobed,no
Img_07393,Basophil,round,irregular,no
Img_07394,Neutrophil,round,unsegmented-band,no
Img_07395,Neutrophil,irregular,segmented-multilobed,no
Img_07396,Neutrophil,irregular,segmented-multilobed,no
Img_07397,Neutrophil,round,segmented-multilobed,no
Img_07398,Neutrophil,round,unsegmented-band,no
Img_07399,Basophil,round,irregular,no
Img_07400,Neutrophil,round,unsegmented-band,no
Img_07401,Eosinophil,round,segmented-bilobed,no
Img_07402,Monocyte,round,unsegmented-indented,no
Img_07403,Neutrophil,irregular,segmented-multilobed,no
Img_07404,Neutrophil,round,unsegmented-band,no
Img_07405,Lymphocyte,round,unsegmented-round,no
Img_07406,Eosinophil,round,segmented-bilobed,no
Img_07407,Lymphocyte,irregular,unsegmented-round,no
Img_07408,Monocyte,irregular,irregular,yes
Img_07409,Basophil,round,irregular,no
Img_07410,Basophil,round,irregular,no
Img_07411,Monocyte,round,unsegmented-indented,no
Img_07412,Lymphocyte,round,unsegmented-round,no
Img_07413,Monocyte,irregular,irregular,yes
Img_07414,Basophil,round,irregular,no
Img_07415,Basophil,round,irregular,no
Img_07416,Monocyte,round,unsegmented-indented,no
Img_07417,Neutrophil,round,unsegmented-band,no
Img_07418,Basophil,round,irregular,no
Img_07419,Neutrophil,round,unsegmented-band,no
Img_07420,Neutrophil,irregular,unsegmented-band,no
Img_07421,Monocyte,irregular,unsegmented-indented,yes
Img_07422,Eosinophil,round,segmented-bilobed,no
Img_07423,Monocyte,round,unsegmented-indented,no
Img_07424,Neutrophil,irregular,unsegmented-band,yes
Img_07425,Monocyte,irregular,irregular,yes
Img_07426,Basophil,round,irregular,no
Img_07427,Neutrophil,round,unsegmented-band,no
Img_07428,Eosinophil,round,segmented-bilobed,no
Img_07429,Neutrophil,round,segmented-multilobed,no
Img_07430,Neutrophil,irregular,segmented-multilobed,no
Img_07431,Monocyte,round,unsegmented-indented,yes
Img_07432,Eosinophil,round,segmented-bilobed,no
Img_07433,Eosinophil,round,segmented-bilobed,no
Img_07434,Neutrophil,round,unsegmented-band,no
Img_07435,Eosinophil,round,segmented-bilobed,no
Img_07436,Monocyte,irregular,irregular,yes
Img_07437,Neutrophil,round,unsegmented-band,no
Img_07438,Neutrophil,round,unsegmented-band,no
Img_07439,Eosinophil,round,segmented-bilobed,no
Img_07440,Lymphocyte,round,unsegmented-round,no
Img_07441,Neutrophil,round,unsegmented-band,no
Img_07442,Lymphocyte,round,unsegmented-round,no
Img_07443,Neutrophil,irregular,unsegmented-band,no
Img_07444,Monocyte,irregular,irregular,yes
Img_07445,Neutrophil,round,unsegmented-band,no
Img_07446,Basophil,round,irregular,no
Img_07447,Lymphocyte,round,unsegmented-round,no
Img_07448,Eosinophil,round,segmented-bilobed,no
Img_07449,Neutrophil,round,unsegmented-band,no
Img_07450,Neutrophil,irregular,unsegmented-band,no
Img_07451,Neutrophil,round,unsegmented-band,no
Img_07452,Lymphocyte,round,unsegmented-round,no
Img_07453,Lymphocyte,round,unsegmented-round,no
Img_07454,Monocyte,round,unsegmented-indented,yes
Img_07455,Monocyte,irregular,unsegmented-indented,yes
Img_07456,Neutrophil,round,unsegmented-band,no
Img_07457,Lymphocyte,round,unsegmented-round,no
Img_07458,Eosinophil,round,segmented-multilobed,no
Img_07459,Eosinophil,round,segmented-bilobed,no
Img_07460,Basophil,round,irregular,no
Img_07461,Lymphocyte,irregular,unsegmented-round,no
Img_07462,Lymphocyte,round,unsegmented-round,no
Img_07463,Neutrophil,round,unsegmented-band,no
Img_07464,Eosinophil,round,segmented-bilobed,no
Img_07465,Eosinophil,round,segmented-bilobed,no
Img_07466,Basophil,round,unsegmented-indented,no
Img_07467,Monocyte,irregular,irregular,yes
Img_07468,Neutrophil,irregular,segmented-multilobed,no
Img_07469,Monocyte,irregular,unsegmented-indented,yes
Img_07470,Neutrophil,round,unsegmented-band,no
Img_07471,Basophil,round,irregular,no
Img_07472,Monocyte,round,unsegmented-indented,no
Img_07473,Eosinophil,round,segmented-bilobed,no
Img_07474,Neutrophil,round,segmented-multilobed,no
Img_07475,Eosinophil,round,segmented-bilobed,no
Img_07476,Neutrophil,round,segmented-multilobed,no
Img_07477,Monocyte,round,unsegmented-indented,no
Img_07478,Neutrophil,irregular,unsegmented-band,no
Img_07479,Neutrophil,round,unsegmented-band,no
Img_07480,Basophil,round,irregular,no
Img_07481,Eosinophil,round,segmented-bilobed,no
Img_07482,Eosinophil,round,segmented-bilobed,no
Img_07483,Eosinophil,round,segmented-multilobed,no
Img_07484,Eosinophil,round,segmented-bilobed,no
Img_07485,Eosinophil,round,segmented-bilobed,no
Img_07486,Neutrophil,round,unsegmented-band,no
Img_07487,Basophil,round,irregular,no
Img_07488,Eosinophil,round,segmented-bilobed,no
Img_07489,Monocyte,irregular,unsegmented-indented,yes
Img_07490,Neutrophil,irregular,unsegmented-band,yes
Img_07491,Eosinophil,round,segmented-bilobed,no
Img_07492,Neutrophil,round,unsegmented-band,no
Img_07493,Basophil,round,irregular,no
Img_07494,Basophil,round,irregular,no
Img_07495,Neutrophil,round,unsegmented-band,no
Img_07496,Neutrophil,irregular,segmented-multilobed,no
Img_07497,Basophil,irregular,segmented-multilobed,no
Img_07498,Eosinophil,round,segmented-bilobed,no
Img_07499,Monocyte,irregular,unsegmented-indented,yes
Img_07500,Eosinophil,round,segmented-multilobed,no
Img_07501,Eosinophil,round,segmented-bilobed,no
Img_07502,Eosinophil,round,segmented-bilobed,no
Img_07503,Monocyte,irregular,irregular,yes
Img_07504,Eosinophil,round,segmented-multilobed,no
Img_07505,Eosinophil,irregular,segmented-multilobed,no
Img_07506,Basophil,round,irregular,no
Img_07507,Eosinophil,round,segmented-bilobed,no
Img_07508,Neutrophil,round,unsegmented-band,no
Img_07509,Monocyte,irregular,unsegmented-indented,yes
Img_07510,Neutrophil,round,unsegmented-band,no
Img_07511,Eosinophil,round,segmented-bilobed,no
Img_07512,Neutrophil,round,unsegmented-band,no
Img_07513,Neutrophil,irregular,unsegmented-band,no
Img_07514,Monocyte,irregular,unsegmented-indented,yes
Img_07515,Eosinophil,round,segmented-bilobed,no
Img_07516,Neutrophil,irregular,segmented-multilobed,no
Img_07517,Neutrophil,irregular,unsegmented-band,no
Img_07518,Lymphocyte,irregular,unsegmented-round,no
Img_07519,Neutrophil,round,unsegmented-band,no
Img_07520,Neutrophil,irregular,unsegmented-band,no
Img_07521,Basophil,round,irregular,no
Img_07522,Monocyte,irregular,unsegmented-indented,yes
Img_07523,Lymphocyte,round,unsegmented-round,no
Img_07524,Basophil,round,irregular,no
Img_07525,Eosinophil,round,segmented-bilobed,no
Img_07526,Eosinophil,round,segmented-bilobed,no
Img_07527,Eosinophil,round,unsegmented-band,no
Img_07528,Basophil,round,irregular,no
Img_07529,Monocyte,round,unsegmented-indented,yes
Img_07530,Neutrophil,round,unsegmented-band,no
Img_07531,Lymphocyte,round,unsegmented-round,no
Img_07532,Neutrophil,round,unsegmented-band,no
Img_07533,Monocyte,irregular,unsegmented-indented,yes
Img_07534,Eosinophil,round,segmented-bilobed,no
Img_07535,Eosinophil,round,segmented-multilobed,no
Img_07536,Monocyte,irregular,irregular,yes
Img_07537,Eosinophil,round,segmented-bilobed,no
Img_07538,Eosinophil,round,segmented-bilobed,no
Img_07539,Monocyte,irregular,unsegmented-indented,yes
Img_07540,Monocyte,round,unsegmented-indented,no
Img_07541,Eosinophil,round,segmented-bilobed,no
Img_07542,Eosinophil,round,segmented-bilobed,no
Img_07543,Eosinophil,round,segmented-bilobed,no
Img_07544,Monocyte,round,unsegmented-indented,yes
Img_07545,Eosinophil,round,segmented-bilobed,no
Img_07546,Basophil,round,irregular,no
Img_07547,Neutrophil,round,segmented-multilobed,no
Img_07548,Monocyte,irregular,unsegmented-indented,yes
Img_07549,Lymphocyte,round,unsegmented-round,no
Img_07550,Monocyte,round,unsegmented-indented,no
Img_07551,Neutrophil,round,unsegmented-band,no
Img_07552,Neutrophil,irregular,unsegmented-band,no
Img_07553,Eosinophil,round,segmented-bilobed,no
Img_07554,Lymphocyte,round,unsegmented-round,no
Img_07555,Neutrophil,round,segmented-multilobed,no
Img_07556,Neutrophil,round,unsegmented-band,no
Img_07557,Neutrophil,round,unsegmented-band,no
Img_07558,Eosinophil,round,segmented-bilobed,no
Img_07559,Eosinophil,round,segmented-multilobed,no
Img_07560,Lymphocyte,irregular,unsegmented-round,no
Img_07561,Eosinophil,irregular,segmented-multilobed,no
Img_07562,Eosinophil,irregular,segmented-multilobed,no
Img_07563,Basophil,round,irregular,no
Img_07564,Lymphocyte,irregular,unsegmented-round,no
Img_07565,Neutrophil,round,unsegmented-band,no
Img_07566,Eosinophil,round,segmented-bilobed,no
Img_07567,Eosinophil,round,segmented-multilobed,no
Img_07568,Eosinophil,round,segmented-bilobed,no
Img_07569,Basophil,round,irregular,no
Img_07570,Basophil,round,unsegmented-round,no
Img_07571,Eosinophil,round,segmented-multilobed,no
Img_07572,Eosinophil,round,segmented-bilobed,no
Img_07573,Eosinophil,round,segmented-bilobed,no
Img_07574,Neutrophil,round,unsegmented-band,no
Img_07575,Eosinophil,round,segmented-bilobed,no
Img_07576,Neutrophil,round,unsegmented-band,no
Img_07577,Lymphocyte,irregular,unsegmented-round,no
Img_07578,Lymphocyte,round,unsegmented-round,no
Img_07579,Eosinophil,round,segmented-multilobed,no
Img_07580,Basophil,round,irregular,no
Img_07581,Lymphocyte,irregular,irregular,no
Img_07582,Neutrophil,round,unsegmented-band,no
Img_07583,Eosinophil,round,unsegmented-band,no
Img_07584,Lymphocyte,round,unsegmented-round,no
Img_07585,Basophil,round,irregular,no
Img_07586,Eosinophil,round,unsegmented-band,no
Img_07587,Eosinophil,round,segmented-bilobed,no
Img_07588,Basophil,round,irregular,no
Img_07589,Eosinophil,round,segmented-bilobed,no
Img_07590,Neutrophil,round,unsegmented-band,no
Img_07591,Eosinophil,round,segmented-bilobed,no
Img_07592,Monocyte,irregular,unsegmented-indented,yes
Img_07593,Lymphocyte,irregular,unsegmented-round,no
Img_07594,Eosinophil,round,segmented-bilobed,no
Img_07595,Neutrophil,round,unsegmented-band,no
Img_07596,Lymphocyte,irregular,unsegmented-round,no
Img_07597,Monocyte,irregular,irregular,yes
Img_07598,Basophil,round,irregular,no
Img_07599,Monocyte,irregular,irregular,yes
Img_07600,Eosinophil,round,segmented-bilobed,no
Img_07601,Eosinophil,round,segmented-bilobed,no
Img_07602,Neutrophil,round,unsegmented-band,no
Img_07603,Neutrophil,round,unsegmented-band,no
Img_07604,Monocyte,round,unsegmented-indented,no
Img_07605,Neutrophil,round,segmented-multilobed,no
Img_07606,Neutrophil,round,unsegmented-band,no
Img_07607,Monocyte,irregular,irregular,yes
Img_07608,Eosinophil,round,unsegmented-indented,no
Img_07609,Monocyte,irregular,irregular,yes
Img_07610,Neutrophil,irregular,segmented-multilobed,no
Img_07611,Eosinophil,round,segmented-bilobed,no
Img_07612,Neutrophil,round,unsegmented-band,no
Img_07613,Eosinophil,round,segmented-bilobed,no
Img_07614,Neutrophil,irregular,unsegmented-band,no
Img_07615,Eosinophil,round,segmented-bilobed,no
Img_07616,Eosinophil,round,segmented-bilobed,no
Img_07617,Lymphocyte,irregular,unsegmented-round,no
Img_07618,Eosinophil,round,segmented-bilobed,no
Img_07619,Monocyte,irregular,unsegmented-indented,yes
Img_07620,Eosinophil,irregular,segmented-multilobed,no
Img_07621,Eosinophil,round,segmented-multilobed,no
Img_07622,Lymphocyte,irregular,unsegmented-round,no
Img_07623,Neutrophil,round,segmented-multilobed,no
Img_07624,Monocyte,round,unsegmented-indented,no
Img_07625,Eosinophil,round,segmented-bilobed,no
Img_07626,Monocyte,irregular,irregular,yes
Img_07627,Basophil,round,irregular,no
Img_07628,Lymphocyte,round,unsegmented-round,no
Img_07629,Neutrophil,round,unsegmented-band,no
Img_07630,Monocyte,irregular,unsegmented-indented,yes
Img_07631,Neutrophil,irregular,unsegmented-band,no
Img_07632,Monocyte,round,unsegmented-indented,no
Img_07633,Eosinophil,round,segmented-bilobed,no
Img_07634,Neutrophil,round,unsegmented-band,no
Img_07635,Basophil,irregular,segmented-multilobed,no
Img_07636,Neutrophil,irregular,segmented-multilobed,no
Img_07637,Eosinophil,round,segmented-bilobed,no
Img_07638,Neutrophil,irregular,unsegmented-band,no
Img_07639,Neutrophil,round,unsegmented-band,no
Img_07640,Eosinophil,round,segmented-bilobed,no
Img_07641,Eosinophil,round,segmented-bilobed,no
Img_07642,Eosinophil,round,segmented-bilobed,no
Img_07643,Lymphocyte,irregular,unsegmented-round,no
Img_07644,Monocyte,round,unsegmented-indented,no
Img_07645,Basophil,round,irregular,no
Img_07646,Basophil,round,irregular,no
Img_07647,Neutrophil,round,unsegmented-band,no
Img_07648,Eosinophil,round,unsegmented-band,no
Img_07649,Monocyte,irregular,unsegmented-indented,yes
Img_07650,Neutrophil,round,unsegmented-band,no
Img_07651,Basophil,round,irregular,no
Img_07652,Lymphocyte,round,unsegmented-round,no
Img_07653,Eosinophil,round,segmented-bilobed,no
Img_07654,Eosinophil,round,segmented-bilobed,no
Img_07655,Lymphocyte,round,unsegmented-round,no
Img_07656,Basophil,round,irregular,no
Img_07657,Neutrophil,round,unsegmented-band,no
Img_07658,Neutrophil,round,unsegmented-band,no
Img_07659,Neutrophil,round,unsegmented-band,no
Img_07660,Neutrophil,irregular,unsegmented-band,yes
Img_07661,Monocyte,round,unsegmented-indented,yes
Img_07662,Neutrophil,irregular,unsegmented-band,no
Img_07663,Eosinophil,round,segmented-bilobed,no
Img_07664,Eosinophil,round,segmented-bilobed,no
Img_07665,Neutrophil,round,unsegmented-band,no
Img_07666,Neutrophil,irregular,unsegmented-band,no
Img_07667,Neutrophil,irregular,unsegmented-band,no
Img_07668,Eosinophil,round,segmented-bilobed,no
Img_07669,Lymphocyte,round,unsegmented-round,no
Img_07670,Eosinophil,round,segmented-bilobed,no
Img_07671,Eosinophil,round,segmented-multilobed,no
Img_07672,Lymphocyte,round,unsegmented-round,no
Img_07673,Monocyte,irregular,unsegmented-indented,yes
Img_07674,Lymphocyte,round,unsegmented-round,no
Img_07675,Eosinophil,round,unsegmented-band,no
Img_07676,Eosinophil,round,segmented-bilobed,no
Img_07677,Basophil,round,irregular,no
Img_07678,Eosinophil,round,segmented-multilobed,no
Img_07679,Eosinophil,round,segmented-bilobed,no
Img_07680,Neutrophil,round,unsegmented-band,no
Img_07681,Monocyte,irregular,irregular,yes
Img_07682,Eosinophil,round,segmented-bilobed,no
Img_07683,Neutrophil,round,unsegmented-band,no
Img_07684,Eosinophil,round,segmented-bilobed,no
Img_07685,Basophil,round,irregular,no
Img_07686,Lymphocyte,irregular,unsegmented-round,no
Img_07687,Basophil,irregular,irregular,no
Img_07688,Neutrophil,round,unsegmented-band,no
Img_07689,Neutrophil,round,unsegmented-band,no
Img_07690,Neutrophil,round,unsegmented-band,no
Img_07691,Eosinophil,round,segmented-bilobed,no
Img_07692,Monocyte,irregular,irregular,yes
Img_07693,Eosinophil,round,segmented-multilobed,no
Img_07694,Lymphocyte,irregular,unsegmented-round,no
Img_07695,Eosinophil,irregular,unsegmented-band,no
Img_07696,Eosinophil,irregular,segmented-bilobed,no
Img_07697,Lymphocyte,round,unsegmented-round,no
Img_07698,Eosinophil,round,segmented-bilobed,no
Img_07699,Monocyte,round,unsegmented-indented,yes
Img_07700,Basophil,round,irregular,no
Img_07701,Neutrophil,round,unsegmented-band,no
Img_07702,Eosinophil,round,segmented-bilobed,no
Img_07703,Eosinophil,irregular,segmented-bilobed,yes
Img_07704,Neutrophil,round,unsegmented-band,no
Img_07705,Basophil,round,irregular,no
Img_07706,Eosinophil,irregular,segmented-bilobed,no
Img_07707,Basophil,round,irregular,no
Img_07708,Lymphocyte,round,unsegmented-round,no
Img_07709,Neutrophil,irregular,segmented-multilobed,no
Img_07710,Eosinophil,round,unsegmented-band,no
Img_07711,Monocyte,irregular,unsegmented-indented,yes
Img_07712,Monocyte,irregular,irregular,yes
Img_07713,Neutrophil,round,unsegmented-band,no
Img_07714,Eosinophil,round,segmented-bilobed,no
Img_07715,Neutrophil,round,unsegmented-band,no
Img_07716,Neutrophil,round,unsegmented-band,no
Img_07717,Neutrophil,round,unsegmented-band,no
Img_07718,Monocyte,round,unsegmented-indented,no
Img_07719,Basophil,round,irregular,no
Img_07720,Basophil,round,irregular,no
Img_07721,Eosinophil,irregular,segmented-bilobed,no
Img_07722,Basophil,round,irregular,no
Img_07723,Eosinophil,round,segmented-bilobed,no
Img_07724,Eosinophil,round,segmented-bilobed,no
Img_07725,Monocyte,irregular,irregular,yes
Img_07726,Lymphocyte,irregular,unsegmented-round,no
Img_07727,Basophil,round,irregular,no
Img_07728,Eosinophil,round,segmented-bilobed,no
Img_07729,Basophil,round,irregular,no
Img_07730,Lymphocyte,round,unsegmented-round,no
Img_07731,Neutrophil,irregular,segmented-multilobed,no
Img_07732,Lymphocyte,irregular,unsegmented-round,no
Img_07733,Monocyte,irregular,irregular,yes
Img_07734,Neutrophil,round,unsegmented-band,no
Img_07735,Eosinophil,round,segmented-bilobed,no
Img_07736,Eosinophil,round,segmented-bilobed,no
Img_07737,Neutrophil,irregular,unsegmented-band,no
Img_07738,Neutrophil,round,unsegmented-band,no
Img_07739,Basophil,round,irregular,no
Img_07740,Neutrophil,round,unsegmented-band,no
Img_07741,Eosinophil,round,segmented-bilobed,no
Img_07742,Monocyte,irregular,unsegmented-indented,yes
Img_07743,Lymphocyte,round,unsegmented-round,no
Img_07744,Neutrophil,round,unsegmented-band,no
Img_07745,Eosinophil,round,segmented-bilobed,no
Img_07746,Monocyte,round,unsegmented-indented,no
Img_07747,Neutrophil,round,segmented-multilobed,no
Img_07748,Eosinophil,round,segmented-bilobed,no
Img_07749,Lymphocyte,round,unsegmented-round,no
Img_07750,Monocyte,round,unsegmented-indented,yes
Img_07751,Lymphocyte,round,unsegmented-round,no
Img_07752,Eosinophil,round,segmented-multilobed,no
Img_07753,Basophil,irregular,irregular,no
Img_07754,Lymphocyte,irregular,unsegmented-round,no
Img_07755,Eosinophil,round,segmented-bilobed,no
Img_07756,Neutrophil,round,segmented-multilobed,no
Img_07757,Eosinophil,round,segmented-bilobed,no
Img_07758,Neutrophil,irregular,unsegmented-band,no
Img_07759,Eosinophil,round,segmented-bilobed,no
Img_07760,Eosinophil,round,unsegmented-band,no
Img_07761,Neutrophil,round,segmented-multilobed,no
Img_07762,Neutrophil,round,unsegmented-band,no
Img_07763,Monocyte,irregular,irregular,yes
Img_07764,Neutrophil,round,unsegmented-band,no
Img_07765,Neutrophil,round,unsegmented-band,no
Img_07766,Eosinophil,round,segmented-bilobed,no
Img_07767,Neutrophil,round,unsegmented-band,no
Img_07768,Neutrophil,irregular,unsegmented-band,yes
Img_07769,Eosinophil,round,segmented-bilobed,no
Img_07770,Basophil,round,irregular,no
Img_07771,Monocyte,irregular,unsegmented-indented,yes
Img_07772,Neutrophil,round,unsegmented-band,no
Img_07773,Lymphocyte,round,unsegmented-round,no
Img_07774,Lymphocyte,round,unsegmented-round,no
Img_07775,Neutrophil,irregular,unsegmented-band,no
Img_07776,Eosinophil,round,segmented-bilobed,no
Img_07777,Lymphocyte,irregular,unsegmented-round,no
Img_07778,Monocyte,irregular,unsegmented-indented,yes
Img_07779,Basophil,round,irregular,no
Img_07780,Eosinophil,round,segmented-bilobed,no
Img_07781,Eosinophil,round,segmented-bilobed,no
Img_07782,Neutrophil,round,unsegmented-band,no
Img_07783,Lymphocyte,round,unsegmented-round,no
Img_07784,Lymphocyte,round,unsegmented-round,no
Img_07785,Basophil,irregular,irregular,no
Img_07786,Eosinophil,round,segmented-bilobed,no
Img_07787,Neutrophil,round,unsegmented-band,no
Img_07788,Neutrophil,irregular,unsegmented-band,no
Img_07789,Neutrophil,irregular,unsegmented-band,no
Img_07790,Lymphocyte,round,unsegmented-round,no
Img_07791,Neutrophil,round,unsegmented-band,no
Img_07792,Eosinophil,round,segmented-bilobed,no
Img_07793,Lymphocyte,irregular,unsegmented-round,no
Img_07794,Neutrophil,round,segmented-multilobed,no
Img_07795,Neutrophil,irregular,unsegmented-band,no
Img_07796,Neutrophil,round,unsegmented-band,no
Img_07797,Lymphocyte,round,unsegmented-round,no
Img_07798,Neutrophil,irregular,unsegmented-band,no
Img_07799,Monocyte,round,unsegmented-indented,no
Img_07800,Neutrophil,round,unsegmented-band,no
Img_07801,Eosinophil,round,segmented-bilobed,no
Img_07802,Eosinophil,round,segmented-bilobed,no
Img_07803,Eosinophil,round,segmented-bilobed,no
Img_07804,Basophil,irregular,irregular,no
Img_07805,Eosinophil,round,segmented-bilobed,no
Img_07806,Monocyte,irregular,irregular,yes
Img_07807,Eosinophil,round,segmented-bilobed,no
Img_07808,Basophil,round,irregular,no
Img_07809,Neutrophil,round,unsegmented-band,no
Img_07810,Neutrophil,round,unsegmented-band,no
Img_07811,Monocyte,irregular,irregular,yes
Img_07812,Monocyte,irregular,unsegmented-indented,yes
Img_07813,Basophil,round,irregular,no
Img_07814,Neutrophil,round,unsegmented-band,no
Img_07815,Monocyte,irregular,irregular,yes
Img_07816,Neutrophil,round,unsegmented-band,no
Img_07817,Eosinophil,round,segmented-multilobed,no
Img_07818,Neutrophil,round,unsegmented-band,no
Img_07819,Neutrophil,irregular,unsegmented-band,no
Img_07820,Neutrophil,round,unsegmented-band,no
Img_07821,Neutrophil,irregular,segmented-multilobed,no
Img_07822,Eosinophil,round,segmented-bilobed,no
Img_07823,Neutrophil,round,segmented-multilobed,no
Img_07824,Neutrophil,round,unsegmented-band,no
Img_07825,Neutrophil,round,segmented-multilobed,no
Img_07826,Neutrophil,round,unsegmented-band,no
Img_07827,Basophil,round,irregular,no
Img_07828,Monocyte,round,unsegmented-indented,no
Img_07829,Eosinophil,round,segmented-multilobed,no
Img_07830,Neutrophil,irregular,unsegmented-band,no
Img_07831,Monocyte,round,unsegmented-indented,no
Img_07832,Eosinophil,round,segmented-bilobed,no
Img_07833,Eosinophil,round,segmented-bilobed,no
Img_07834,Neutrophil,round,unsegmented-band,no
Img_07835,Eosinophil,round,unsegmented-band,no
Img_07836,Neutrophil,round,unsegmented-band,no
Img_07837,Eosinophil,irregular,segmented-bilobed,no
Img_07838,Neutrophil,irregular,segmented-multilobed,no
Img_07839,Lymphocyte,irregular,irregular,no
Img_07840,Eosinophil,round,segmented-bilobed,no
Img_07841,Eosinophil,round,unsegmented-band,no
Img_07842,Lymphocyte,round,unsegmented-round,no
Img_07843,Basophil,round,irregular,no
Img_07844,Neutrophil,round,unsegmented-band,no
Img_07845,Neutrophil,round,unsegmented-band,no
Img_07846,Lymphocyte,round,unsegmented-round,no
Img_07847,Lymphocyte,round,unsegmented-round,no
Img_07848,Lymphocyte,irregular,unsegmented-round,no
Img_07849,Eosinophil,round,segmented-bilobed,no
Img_07850,Neutrophil,round,unsegmented-band,no
Img_07851,Neutrophil,irregular,unsegmented-band,yes
Img_07852,Eosinophil,round,segmented-multilobed,no
Img_07853,Monocyte,irregular,unsegmented-indented,yes
Img_07854,Lymphocyte,round,unsegmented-round,no
Img_07855,Neutrophil,round,unsegmented-band,no
Img_07856,Neutrophil,round,unsegmented-band,no
Img_07857,Lymphocyte,round,unsegmented-round,no
Img_07858,Basophil,round,irregular,no
Img_07859,Neutrophil,round,unsegmented-band,no
Img_07860,Eosinophil,round,segmented-bilobed,no
Img_07861,Lymphocyte,round,unsegmented-round,no
Img_07862,Eosinophil,round,segmented-bilobed,no
Img_07863,Eosinophil,irregular,segmented-multilobed,yes
Img_07864,Monocyte,irregular,irregular,yes
Img_07865,Eosinophil,round,segmented-bilobed,no
Img_07866,Monocyte,round,unsegmented-indented,yes
Img_07867,Eosinophil,round,segmented-bilobed,no
Img_07868,Eosinophil,round,segmented-multilobed,no
Img_07869,Monocyte,round,unsegmented-indented,no
Img_07870,Eosinophil,round,segmented-bilobed,no
Img_07871,Eosinophil,round,segmented-bilobed,no
Img_07872,Eosinophil,round,segmented-bilobed,no
Img_07873,Monocyte,round,unsegmented-indented,yes
Img_07874,Lymphocyte,round,unsegmented-round,no
Img_07875,Eosinophil,round,segmented-bilobed,no
Img_07876,Eosinophil,round,segmented-bilobed,no
Img_07877,Basophil,round,irregular,no
Img_07878,Eosinophil,round,segmented-multilobed,no
Img_07879,Basophil,round,irregular,no
Img_07880,Eosinophil,round,segmented-bilobed,no
Img_07881,Lymphocyte,round,unsegmented-round,no
Img_07882,Basophil,round,irregular,no
Img_07883,Lymphocyte,irregular,unsegmented-round,no
Img_07884,Eosinophil,round,segmented-bilobed,no
Img_07885,Lymphocyte,irregular,unsegmented-round,no
Img_07886,Basophil,round,irregular,no
Img_07887,Neutrophil,irregular,segmented-multilobed,no
Img_07888,Neutrophil,round,unsegmented-band,no
Img_07889,Eosinophil,round,segmented-bilobed,no
Img_07890,Neutrophil,irregular,unsegmented-band,no
Img_07891,Eosinophil,round,segmented-bilobed,no
Img_07892,Neutrophil,round,segmented-multilobed,no
Img_07893,Eosinophil,round,segmented-bilobed,no
Img_07894,Monocyte,round,unsegmented-indented,no
Img_07895,Lymphocyte,irregular,unsegmented-round,no
Img_07896,Monocyte,irregular,unsegmented-indented,yes
Img_07897,Basophil,round,unsegmented-indented,no
Img_07898,Eosinophil,round,unsegmented-band,no
Img_07899,Monocyte,round,unsegmented-indented,no
Img_07900,Basophil,round,irregular,no
Img_07901,Neutrophil,round,unsegmented-band,no
Img_07902,Neutrophil,round,unsegmented-band,no
Img_07903,Eosinophil,round,segmented-bilobed,no
Img_07904,Basophil,round,irregular,no
Img_07905,Monocyte,round,unsegmented-indented,no
Img_07906,Neutrophil,irregular,unsegmented-band,yes
Img_07907,Neutrophil,round,unsegmented-band,no
Img_07908,Lymphocyte,irregular,unsegmented-round,no
Img_07909,Monocyte,round,unsegmented-indented,yes
Img_07910,Neutrophil,round,unsegmented-band,no
Img_07911,Neutrophil,round,unsegmented-band,no
Img_07912,Eosinophil,irregular,unsegmented-indented,no
Img_07913,Eosinophil,irregular,segmented-bilobed,no
Img_07914,Neutrophil,round,unsegmented-band,no
Img_07915,Eosinophil,irregular,segmented-multilobed,no
Img_07916,Monocyte,round,unsegmented-indented,no
Img_07917,Neutrophil,round,unsegmented-band,no
Img_07918,Monocyte,round,unsegmented-indented,no
Img_07919,Basophil,irregular,irregular,no
Img_07920,Neutrophil,round,unsegmented-band,no
Img_07921,Neutrophil,round,unsegmented-band,no
Img_07922,Basophil,round,irregular,no
Img_07923,Basophil,round,irregular,no
Img_07924,Neutrophil,irregular,segmented-multilobed,no
Img_07925,Neutrophil,round,unsegmented-band,no
Img_07926,Monocyte,irregular,irregular,yes
Img_07927,Basophil,round,irregular,no
Img_07928,Monocyte,irregular,unsegmented-indented,yes
Img_07929,Neutrophil,irregular,unsegmented-band,no
Img_07930,Lymphocyte,round,unsegmented-round,no
Img_07931,Neutrophil,round,unsegmented-band,no
Img_07932,Monocyte,round,unsegmented-indented,no
Img_07933,Monocyte,round,unsegmented-indented,yes
Img_07934,Neutrophil,irregular,unsegmented-band,no
Img_07935,Neutrophil,round,unsegmented-band,no
Img_07936,Monocyte,irregular,irregular,yes
Img_07937,Eosinophil,round,segmented-bilobed,no
Img_07938,Monocyte,irregular,unsegmented-indented,yes
Img_07939,Neutrophil,round,unsegmented-band,no
Img_07940,Eosinophil,round,segmented-multilobed,no
Img_07941,Eosinophil,round,segmented-bilobed,no
Img_07942,Neutrophil,round,unsegmented-band,no
Img_07943,Eosinophil,round,unsegmented-band,yes
Img_07944,Monocyte,irregular,unsegmented-indented,yes
Img_07945,Monocyte,round,unsegmented-indented,no
Img_07946,Neutrophil,round,unsegmented-band,no
Img_07947,Neutrophil,round,unsegmented-band,no
Img_07948,Monocyte,irregular,unsegmented-indented,yes
Img_07949,Lymphocyte,round,unsegmented-round,no
Img_07950,Lymphocyte,irregular,unsegmented-round,no
Img_07951,Neutrophil,irregular,unsegmented-band,no
Img_07952,Monocyte,irregular,unsegmented-indented,yes
Img_07953,Neutrophil,round,unsegmented-band,no
Img_07954,Lymphocyte,irregular,unsegmented-round,no
Img_07955,Neutrophil,round,unsegmented-band,no
Img_07956,Lymphocyte,irregular,unsegmented-round,no
Img_07957,Basophil,round,irregular,no
Img_07958,Neutrophil,round,unsegmented-band,no
Img_07959,Neutrophil,round,unsegmented-band,no
Img_07960,Eosinophil,round,segmented-bilobed,no
Img_07961,Monocyte,irregular,unsegmented-indented,yes
Img_07962,Basophil,round,irregular,no
Img_07963,Basophil,round,irregular,no
Img_07964,Lymphocyte,irregular,unsegmented-round,no
Img_07965,Neutrophil,round,unsegmented-band,no
Img_07966,Eosinophil,round,segmented-bilobed,no
Img_07967,Neutrophil,irregular,segmented-multilobed,no
Img_07968,Neutrophil,round,unsegmented-band,no
Img_07969,Neutrophil,round,unsegmented-band,no
Img_07970,Basophil,irregular,irregular,no
Img_07971,Neutrophil,round,unsegmented-band,no
Img_07972,Eosinophil,round,segmented-bilobed,no
Img_07973,Neutrophil,round,segmented-multilobed,no
Img_07974,Basophil,round,irregular,no
Img_07975,Eosinophil,round,segmented-multilobed,no
Img_07976,Lymphocyte,irregular,unsegmented-round,no
Img_07977,Basophil,round,irregular,no
Img_07978,Basophil,round,irregular,no
Img_07979,Eosinophil,round,segmented-bilobed,no
Img_07980,Basophil,round,irregular,no
Img_07981,Monocyte,irregular,irregular,yes
Img_07982,Neutrophil,round,segmented-multilobed,no
Img_07983,Neutrophil,round,segmented-multilobed,no
Img_07984,Monocyte,irregular,irregular,yes
Img_07985,Lymphocyte,round,unsegmented-round,no
Img_07986,Basophil,irregular,irregular,no
Img_07987,Monocyte,irregular,irregular,yes
Img_07988,Neutrophil,irregular,unsegmented-band,no
Img_07989,Eosinophil,round,segmented-bilobed,no
Img_07990,Eosinophil,round,segmented-bilobed,no
Img_07991,Eosinophil,round,segmented-bilobed,no
Img_07992,Eosinophil,round,segmented-bilobed,no
Img_07993,Lymphocyte,irregular,unsegmented-round,no
Img_07994,Eosinophil,round,segmented-bilobed,no
Img_07995,Neutrophil,irregular,segmented-multilobed,no
Img_07996,Monocyte,round,unsegmented-indented,yes
Img_07997,Eosinophil,round,segmented-bilobed,no
Img_07998,Lymphocyte,round,unsegmented-round,no
Img_07999,Neutrophil,round,unsegmented-band,no
Img_08000,Lymphocyte,round,unsegmented-round,no
Img_08001,Neutrophil,irregular,unsegmented-band,no
Img_08002,Eosinophil,round,segmented-bilobed,no
Img_08003,Monocyte,irregular,irregular,yes
Img_08004,Lymphocyte,round,unsegmented-round,no
Img_08005,Basophil,round,irregular,no
Img_08006,Neutrophil,irregular,segmented-multilobed,no
Img_08007,Monocyte,round,unsegmented-indented,no
Img_08008,Eosinophil,round,unsegmented-band,no
Img_08009,Neutrophil,round,segmented-multilobed,no
Img_08010,Lymphocyte,round,unsegmented-round,no
Img_08011,Basophil,round,irregular,no
Img_08012,Lymphocyte,irregular,unsegmented-round,no
Img_08013,Lymphocyte,round,unsegmented-round,no
Img_08014,Basophil,round,irregular,no
Img_08015,Neutrophil,round,segmented-multilobed,no
Img_08016,Eosinophil,irregular,segmented-multilobed,no
Img_08017,Eosinophil,round,segmented-bilobed,no
Img_08018,Basophil,round,irregular,no
Img_08019,Eosinophil,round,segmented-bilobed,no
Img_08020,Neutrophil,round,segmented-multilobed,no
Img_08021,Neutrophil,round,unsegmented-band,no
Img_08022,Neutrophil,irregular,unsegmented-band,no
Img_08023,Eosinophil,round,segmented-bilobed,no
Img_08024,Monocyte,round,unsegmented-indented,no
Img_08025,Neutrophil,irregular,unsegmented-band,no
Img_08026,Monocyte,round,unsegmented-indented,yes
Img_08027,Monocyte,irregular,irregular,yes
Img_08028,Monocyte,irregular,irregular,yes
Img_08029,Neutrophil,round,unsegmented-band,no
Img_08030,Neutrophil,irregular,unsegmented-band,no
Img_08031,Neutrophil,round,unsegmented-band,no
Img_08032,Neutrophil,irregular,unsegmented-band,no
Img_08033,Eosinophil,round,segmented-multilobed,no
Img_08034,Eosinophil,round,segmented-bilobed,no
Img_08035,Neutrophil,irregular,unsegmented-band,no
Img_08036,Eosinophil,round,segmented-bilobed,no
Img_08037,Monocyte,round,unsegmented-indented,no
Img_08038,Neutrophil,round,unsegmented-band,no
Img_08039,Lymphocyte,round,unsegmented-round,no
Img_08040,Lymphocyte,irregular,unsegmented-round,no
Img_08041,Basophil,round,irregular,no
Img_08042,Neutrophil,round,unsegmented-band,no
Img_08043,Eosinophil,round,segmented-bilobed,no
Img_08044,Lymphocyte,round,unsegmented-round,no
Img_08045,Monocyte,round,unsegmented-indented,yes
Img_08046,Eosinophil,round,unsegmented-band,no
Img_08047,Lymphocyte,irregular,unsegmented-round,no
Img_08048,Eosinophil,round,segmented-bilobed,no
Img_08049,Eosinophil,round,segmented-bilobed,no
Img_08050,Eosinophil,round,segmented-bilobed,no
Img_08051,Eosinophil,round,segmented-bilobed,no
Img_08052,Lymphocyte,round,unsegmented-round,no
Img_08053,Eosinophil,round,segmented-bilobed,no
Img_08054,Basophil,round,irregular,no
Img_08055,Basophil,irregular,irregular,no
Img_08056,Eosinophil,round,segmented-multilobed,no
Img_08057,Eosinophil,round,segmented-bilobed,no
Img_08058,Eosinophil,round,segmented-bilobed,no
Img_08059,Eosinophil,round,segmented-bilobed,no
Img_08060,Eosinophil,round,segmented-multilobed,no
Img_08061,Eosinophil,round,unsegmented-indented,no
Img_08062,Lymphocyte,round,unsegmented-round,no
Img_08063,Eosinophil,round,segmented-bilobed,no
Img_08064,Eosinophil,round,segmented-bilobed,no
Img_08065,Eosinophil,round,segmented-bilobed,no
Img_08066,Neutrophil,irregular,segmented-multilobed,no
Img_08067,Lymphocyte,round,unsegmented-round,no
Img_08068,Eosinophil,round,segmented-multilobed,no
Img_08069,Eosinophil,round,segmented-bilobed,no
Img_08070,Lymphocyte,round,unsegmented-round,no
Img_08071,Monocyte,round,unsegmented-indented,yes
Img_08072,Monocyte,round,unsegmented-indented,yes
Img_08073,Neutrophil,round,unsegmented-band,no
Img_08074,Neutrophil,round,unsegmented-band,no
Img_08075,Lymphocyte,round,unsegmented-round,no
Img_08076,Eosinophil,round,segmented-bilobed,no
Img_08077,Neutrophil,round,unsegmented-band,no
Img_08078,Monocyte,irregular,unsegmented-indented,yes
Img_08079,Neutrophil,round,unsegmented-band,no
Img_08080,Monocyte,irregular,unsegmented-indented,yes
Img_08081,Basophil,round,irregular,no
Img_08082,Basophil,round,irregular,no
Img_08083,Basophil,round,irregular,no
Img_08084,Neutrophil,round,unsegmented-band,no
Img_08085,Eosinophil,round,segmented-bilobed,no
Img_08086,Monocyte,irregular,unsegmented-indented,yes
Img_08087,Eosinophil,round,segmented-bilobed,no
Img_08088,Lymphocyte,round,unsegmented-round,no
Img_08089,Neutrophil,round,unsegmented-band,no
Img_08090,Lymphocyte,round,unsegmented-round,no
Img_08091,Basophil,round,irregular,no
Img_08092,Monocyte,irregular,irregular,yes
Img_08093,Eosinophil,round,segmented-bilobed,no
Img_08094,Basophil,round,unsegmented-band,no
Img_08095,Neutrophil,round,unsegmented-band,no
Img_08096,Neutrophil,round,unsegmented-band,no
Img_08097,Monocyte,round,unsegmented-indented,no
Img_08098,Eosinophil,round,segmented-bilobed,no
Img_08099,Eosinophil,round,segmented-bilobed,no
Img_08100,Neutrophil,round,unsegmented-band,no
Img_08101,Eosinophil,round,segmented-bilobed,no
Img_08102,Lymphocyte,irregular,unsegmented-round,no
Img_08103,Monocyte,irregular,unsegmented-indented,yes
Img_08104,Monocyte,round,unsegmented-indented,no
Img_08105,Basophil,round,irregular,no
Img_08106,Monocyte,irregular,unsegmented-indented,yes
Img_08107,Neutrophil,round,unsegmented-band,no
Img_08108,Basophil,round,irregular,no
Img_08109,Monocyte,round,unsegmented-indented,yes
Img_08110,Basophil,round,irregular,no
Img_08111,Monocyte,irregular,unsegmented-indented,yes
Img_08112,Eosinophil,round,segmented-bilobed,no
Img_08113,Eosinophil,round,segmented-bilobed,no
Img_08114,Monocyte,round,unsegmented-indented,no
Img_08115,Neutrophil,round,unsegmented-band,no
Img_08116,Basophil,round,irregular,no
Img_08117,Neutrophil,round,unsegmented-band,no
Img_08118,Monocyte,irregular,unsegmented-indented,yes
Img_08119,Eosinophil,round,segmented-bilobed,no
Img_08120,Neutrophil,round,unsegmented-band,no
Img_08121,Neutrophil,round,unsegmented-band,no
Img_08122,Eosinophil,round,segmented-bilobed,no
Img_08123,Monocyte,round,unsegmented-indented,no
Img_08124,Eosinophil,round,segmented-multilobed,no
Img_08125,Basophil,round,unsegmented-indented,no
Img_08126,Lymphocyte,irregular,unsegmented-round,no
Img_08127,Neutrophil,round,unsegmented-band,no
Img_08128,Lymphocyte,round,unsegmented-round,no
Img_08129,Eosinophil,irregular,segmented-bilobed,no
Img_08130,Lymphocyte,round,unsegmented-round,no
Img_08131,Neutrophil,round,unsegmented-band,no
Img_08132,Eosinophil,round,segmented-bilobed,no
Img_08133,Lymphocyte,round,unsegmented-round,no
Img_08134,Neutrophil,round,unsegmented-band,no
Img_08135,Neutrophil,irregular,unsegmented-band,no
Img_08136,Neutrophil,round,unsegmented-band,no
Img_08137,Monocyte,irregular,unsegmented-indented,yes
Img_08138,Lymphocyte,irregular,unsegmented-round,no
Img_08139,Eosinophil,round,segmented-bilobed,no
Img_08140,Lymphocyte,round,unsegmented-round,no
Img_08141,Basophil,round,irregular,no
Img_08142,Neutrophil,irregular,segmented-multilobed,no
Img_08143,Eosinophil,round,segmented-multilobed,no
Img_08144,Lymphocyte,round,unsegmented-round,no
Img_08145,Eosinophil,round,segmented-bilobed,no
Img_08146,Neutrophil,round,unsegmented-band,no
Img_08147,Lymphocyte,round,unsegmented-round,no
Img_08148,Neutrophil,round,unsegmented-band,no
Img_08149,Neutrophil,round,unsegmented-band,no
Img_08150,Neutrophil,round,unsegmented-band,no
Img_08151,Neutrophil,round,unsegmented-band,no
Img_08152,Neutrophil,irregular,segmented-multilobed,no
Img_08153,Lymphocyte,irregular,unsegmented-round,no
Img_08154,Neutrophil,round,unsegmented-band,no
Img_08155,Lymphocyte,round,unsegmented-round,no
Img_08156,Eosinophil,round,segmented-bilobed,no
Img_08157,Neutrophil,irregular,unsegmented-band,no
Img_08158,Lymphocyte,round,unsegmented-round,no
Img_08159,Basophil,round,irregular,no
Img_08160,Neutrophil,round,unsegmented-band,no
Img_08161,Eosinophil,round,segmented-bilobed,no
Img_08162,Eosinophil,round,segmented-bilobed,no
Img_08163,Lymphocyte,round,unsegmented-round,no
Img_08164,Neutrophil,round,unsegmented-band,no
Img_08165,Neutrophil,round,unsegmented-band,no
Img_08166,Neutrophil,round,unsegmented-band,no
Img_08167,Monocyte,round,unsegmented-indented,no
Img_08168,Eosinophil,round,unsegmented-band,no
Img_08169,Neutrophil,round,segmented-multilobed,no
Img_08170,Eosinophil,round,segmented-bilobed,no
Img_08171,Monocyte,round,unsegmented-indented,no
Img_08172,Basophil,round,irregular,no
Img_08173,Neutrophil,round,unsegmented-band,no
Img_08174,Eosinophil,round,segmented-bilobed,no
Img_08175,Lymphocyte,round,unsegmented-round,no
Img_08176,Basophil,irregular,irregular,no
Img_08177,Lymphocyte,round,unsegmented-round,no
Img_08178,Eosinophil,irregular,segmented-multilobed,no
Img_08179,Basophil,round,irregular,no
Img_08180,Monocyte,round,unsegmented-indented,yes
Img_08181,Eosinophil,round,segmented-bilobed,no
Img_08182,Monocyte,irregular,unsegmented-indented,yes
Img_08183,Neutrophil,irregular,unsegmented-band,no
Img_08184,Basophil,round,irregular,no
Img_08185,Neutrophil,irregular,segmented-multilobed,no
Img_08186,Neutrophil,round,unsegmented-band,no
Img_08187,Lymphocyte,irregular,unsegmented-round,no
Img_08188,Eosinophil,round,segmented-bilobed,no
Img_08189,Eosinophil,round,segmented-bilobed,no
Img_08190,Neutrophil,round,unsegmented-band,no
Img_08191,Neutrophil,irregular,unsegmented-band,no
Img_08192,Neutrophil,irregular,segmented-multilobed,no
Img_08193,Monocyte,irregular,irregular,yes
Img_08194,Basophil,round,irregular,no
Img_08195,Monocyte,irregular,unsegmented-indented,yes
Img_08196,Eosinophil,round,segmented-bilobed,no
Img_08197,Eosinophil,round,unsegmented-band,no
Img_08198,Basophil,round,irregular,no
Img_08199,Neutrophil,round,segmented-multilobed,no
Img_08200,Eosinophil,round,segmented-bilobed,no
Img_08201,Basophil,round,irregular,no
Img_08202,Eosinophil,round,segmented-bilobed,no
Img_08203,Basophil,irregular,irregular,no
Img_08204,Neutrophil,round,unsegmented-band,no
Img_08205,Eosinophil,round,segmented-bilobed,no
Img_08206,Neutrophil,round,unsegmented-band,no
Img_08207,Basophil,round,irregular,no
Img_08208,Lymphocyte,round,unsegmented-round,no
Img_08209,Basophil,round,irregular,no
Img_08210,Lymphocyte,irregular,unsegmented-round,no
Img_08211,Basophil,round,irregular,no
Img_08212,Eosinophil,round,segmented-bilobed,no
Img_08213,Basophil,round,irregular,no
Img_08214,Lymphocyte,irregular,unsegmented-round,no
Img_08215,Eosinophil,round,segmented-bilobed,no
Img_08216,Monocyte,irregular,unsegmented-indented,yes
Img_08217,Monocyte,irregular,irregular,yes
Img_08218,Neutrophil,round,unsegmented-band,no
Img_08219,Neutrophil,round,unsegmented-band,no
Img_08220,Neutrophil,round,unsegmented-band,no
Img_08221,Neutrophil,irregular,unsegmented-band,no
Img_08222,Monocyte,irregular,unsegmented-indented,yes
Img_08223,Neutrophil,irregular,unsegmented-band,no
Img_08224,Monocyte,round,unsegmented-indented,yes
Img_08225,Eosinophil,round,segmented-bilobed,no
Img_08226,Lymphocyte,round,unsegmented-round,no
Img_08227,Eosinophil,round,segmented-bilobed,no
Img_08228,Neutrophil,round,unsegmented-band,no
Img_08229,Monocyte,round,unsegmented-indented,no
Img_08230,Monocyte,irregular,unsegmented-indented,yes
Img_08231,Basophil,round,irregular,no
Img_08232,Neutrophil,irregular,unsegmented-band,no
Img_08233,Neutrophil,round,segmented-multilobed,no
Img_08234,Eosinophil,round,segmented-bilobed,no
Img_08235,Monocyte,round,unsegmented-indented,no
Img_08236,Eosinophil,round,unsegmented-band,no
Img_08237,Monocyte,round,unsegmented-indented,no
Img_08238,Neutrophil,round,unsegmented-band,no
Img_08239,Neutrophil,round,unsegmented-band,no
Img_08240,Monocyte,irregular,irregular,yes
Img_08241,Monocyte,irregular,unsegmented-indented,yes
Img_08242,Monocyte,irregular,unsegmented-indented,yes
Img_08243,Neutrophil,round,segmented-multilobed,no
Img_08244,Monocyte,irregular,irregular,yes
Img_08245,Monocyte,irregular,irregular,yes
Img_08246,Lymphocyte,irregular,unsegmented-round,no
Img_08247,Neutrophil,round,unsegmented-band,no
Img_08248,Monocyte,irregular,unsegmented-indented,yes
Img_08249,Eosinophil,irregular,irregular,yes
Img_08250,Neutrophil,round,unsegmented-band,no
Img_08251,Neutrophil,round,unsegmented-band,no
Img_08252,Neutrophil,round,unsegmented-band,no
Img_08253,Eosinophil,round,segmented-multilobed,no
Img_08254,Monocyte,round,unsegmented-indented,no
Img_08255,Eosinophil,round,segmented-bilobed,no
Img_08256,Eosinophil,irregular,unsegmented-band,yes
Img_08257,Lymphocyte,round,unsegmented-round,no
Img_08258,Lymphocyte,irregular,unsegmented-round,no
Img_08259,Eosinophil,round,segmented-multilobed,no
Img_08260,Basophil,round,irregular,no
Img_08261,Monocyte,irregular,unsegmented-indented,yes
Img_08262,Neutrophil,irregular,unsegmented-band,no
Img_08263,Eosinophil,round,segmented-bilobed,no
Img_08264,Lymphocyte,round,unsegmented-round,no
Img_08265,Eosinophil,round,segmented-bilobed,no
Img_08266,Monocyte,irregular,unsegmented-indented,yes
Img_08267,Eosinophil,round,segmented-bilobed,no
Img_08268,Lymphocyte,irregular,unsegmented-round,no
Img_08269,Eosinophil,round,segmented-bilobed,no
Img_08270,Eosinophil,round,segmented-multilobed,no
Img_08271,Basophil,irregular,irregular,no
Img_08272,Eosinophil,round,segmented-bilobed,no
Img_08273,Monocyte,irregular,irregular,yes
Img_08274,Basophil,round,irregular,no
Img_08275,Lymphocyte,round,unsegmented-round,no
Img_08276,Monocyte,irregular,irregular,yes
Img_08277,Neutrophil,round,unsegmented-band,no
Img_08278,Eosinophil,round,segmented-bilobed,no
Img_08279,Eosinophil,round,segmented-bilobed,no
Img_08280,Neutrophil,round,unsegmented-band,no
Img_08281,Monocyte,irregular,unsegmented-indented,yes
Img_08282,Neutrophil,round,unsegmented-band,no
Img_08283,Neutrophil,round,unsegmented-band,no
Img_08284,Eosinophil,round,segmented-bilobed,no
Img_08285,Neutrophil,round,unsegmented-band,no
Img_08286,Basophil,round,irregular,no
Img_08287,Neutrophil,round,unsegmented-band,no
Img_08288,Neutrophil,round,unsegmented-band,no
Img_08289,Eosinophil,round,segmented-bilobed,no
Img_08290,Neutrophil,round,unsegmented-band,no
Img_08291,Monocyte,irregular,irregular,yes
Img_08292,Basophil,round,irregular,no
Img_08293,Neutrophil,round,unsegmented-band,no
Img_08294,Lymphocyte,irregular,unsegmented-round,no
Img_08295,Neutrophil,round,unsegmented-band,no
Img_08296,Eosinophil,round,segmented-bilobed,no
Img_08297,Basophil,round,irregular,no
Img_08298,Eosinophil,round,segmented-bilobed,no
Img_08299,Neutrophil,round,segmented-multilobed,no
Img_08300,Monocyte,round,unsegmented-indented,no
Img_08301,Neutrophil,round,unsegmented-band,no
Img_08302,Lymphocyte,round,unsegmented-round,no
Img_08303,Monocyte,round,unsegmented-indented,no
Img_08304,Monocyte,irregular,unsegmented-indented,yes
Img_08305,Neutrophil,irregular,unsegmented-band,no
Img_08306,Lymphocyte,round,unsegmented-round,no
Img_08307,Eosinophil,round,segmented-bilobed,no
Img_08308,Eosinophil,round,segmented-bilobed,no
Img_08309,Lymphocyte,irregular,unsegmented-round,no
Img_08310,Eosinophil,round,segmented-bilobed,no
Img_08311,Eosinophil,irregular,segmented-multilobed,no
Img_08312,Eosinophil,round,segmented-bilobed,no
Img_08313,Eosinophil,round,segmented-bilobed,no
Img_08314,Basophil,round,irregular,no
Img_08315,Eosinophil,round,segmented-bilobed,no
Img_08316,Neutrophil,irregular,unsegmented-band,yes
Img_08317,Lymphocyte,round,unsegmented-round,no
Img_08318,Basophil,round,irregular,no
Img_08319,Basophil,round,unsegmented-band,no
Img_08320,Eosinophil,round,segmented-multilobed,no
Img_08321,Eosinophil,round,segmented-bilobed,no
Img_08322,Eosinophil,round,segmented-bilobed,no
Img_08323,Basophil,round,irregular,no
Img_08324,Neutrophil,round,unsegmented-band,no
Img_08325,Basophil,round,irregular,no
Img_08326,Neutrophil,round,unsegmented-band,no
Img_08327,Neutrophil,irregular,segmented-multilobed,no
Img_08328,Neutrophil,irregular,unsegmented-band,no
Img_08329,Lymphocyte,irregular,unsegmented-round,no
Img_08330,Basophil,round,irregular,no
Img_08331,Lymphocyte,round,unsegmented-round,no
Img_08332,Lymphocyte,round,unsegmented-round,no
Img_08333,Eosinophil,irregular,segmented-multilobed,no
Img_08334,Basophil,round,irregular,no
Img_08335,Lymphocyte,round,unsegmented-round,no
Img_08336,Monocyte,round,unsegmented-indented,no
Img_08337,Eosinophil,round,segmented-bilobed,no
Img_08338,Neutrophil,round,unsegmented-band,no
Img_08339,Basophil,round,irregular,no
Img_08340,Neutrophil,round,segmented-multilobed,no
Img_08341,Basophil,round,irregular,no
Img_08342,Neutrophil,irregular,unsegmented-band,no
Img_08343,Eosinophil,irregular,segmented-bilobed,no
Img_08344,Eosinophil,round,segmented-bilobed,no
Img_08345,Neutrophil,irregular,unsegmented-band,no
Img_08346,Monocyte,irregular,unsegmented-indented,yes
Img_08347,Neutrophil,round,unsegmented-band,no
Img_08348,Eosinophil,round,segmented-bilobed,no
Img_08349,Neutrophil,round,unsegmented-band,no
Img_08350,Lymphocyte,round,unsegmented-round,no
Img_08351,Eosinophil,round,segmented-multilobed,no
Img_08352,Neutrophil,round,unsegmented-band,no
Img_08353,Neutrophil,round,unsegmented-band,no
Img_08354,Monocyte,irregular,unsegmented-indented,yes
Img_08355,Basophil,round,irregular,no
Img_08356,Eosinophil,round,segmented-multilobed,no
Img_08357,Eosinophil,irregular,segmented-multilobed,no
Img_08358,Eosinophil,round,segmented-bilobed,no
Img_08359,Basophil,irregular,irregular,no
Img_08360,Eosinophil,round,segmented-bilobed,no
Img_08361,Neutrophil,round,unsegmented-band,no
Img_08362,Neutrophil,round,unsegmented-band,no
Img_08363,Neutrophil,round,unsegmented-band,no
Img_08364,Eosinophil,round,segmented-bilobed,no
Img_08365,Basophil,round,irregular,no
Img_08366,Basophil,round,irregular,no
Img_08367,Neutrophil,round,unsegmented-band,no
Img_08368,Monocyte,round,unsegmented-indented,yes
Img_08369,Eosinophil,irregular,segmented-multilobed,no
Img_08370,Basophil,round,irregular,no
Img_08371,Eosinophil,round,segmented-bilobed,no
Img_08372,Lymphocyte,irregular,unsegmented-round,no
Img_08373,Lymphocyte,round,unsegmented-round,no
Img_08374,Lymphocyte,irregular,unsegmented-round,no
Img_08375,Neutrophil,round,unsegmented-band,no
Img_08376,Eosinophil,round,segmented-bilobed,no
Img_08377,Eosinophil,irregular,segmented-bilobed,no
Img_08378,Neutrophil,round,unsegmented-band,no
Img_08379,Neutrophil,round,segmented-multilobed,no
Img_08380,Lymphocyte,round,unsegmented-round,no
Img_08381,Neutrophil,round,unsegmented-band,no
Img_08382,Eosinophil,round,segmented-bilobed,no
Img_08383,Neutrophil,round,unsegmented-band,no
Img_08384,Eosinophil,round,segmented-bilobed,no
Img_08385,Monocyte,round,unsegmented-indented,no
Img_08386,Neutrophil,round,unsegmented-band,no
Img_08387,Neutrophil,round,unsegmented-band,no
Img_08388,Neutrophil,round,segmented-multilobed,no
Img_08389,Eosinophil,round,segmented-bilobed,no
Img_08390,Eosinophil,round,segmented-bilobed,no
Img_08391,Basophil,round,irregular,no
Img_08392,Neutrophil,round,unsegmented-band,no
Img_08393,Neutrophil,round,unsegmented-band,no
Img_08394,Neutrophil,irregular,unsegmented-band,no
Img_08395,Monocyte,round,unsegmented-indented,no
Img_08396,Lymphocyte,round,unsegmented-round,no
Img_08397,Neutrophil,round,unsegmented-band,no
Img_08398,Neutrophil,irregular,unsegmented-band,no
Img_08399,Monocyte,irregular,unsegmented-indented,yes
Img_08400,Monocyte,round,unsegmented-indented,yes
Img_08401,Monocyte,round,unsegmented-indented,no
Img_08402,Neutrophil,round,unsegmented-band,no
Img_08403,Neutrophil,round,unsegmented-band,no
Img_08404,Eosinophil,round,segmented-bilobed,no
Img_08405,Lymphocyte,irregular,unsegmented-round,no
Img_08406,Monocyte,round,unsegmented-indented,no
Img_08407,Neutrophil,irregular,unsegmented-band,yes
Img_08408,Eosinophil,round,segmented-bilobed,no
Img_08409,Eosinophil,round,segmented-bilobed,no
Img_08410,Lymphocyte,irregular,unsegmented-round,no
Img_08411,Neutrophil,round,segmented-multilobed,no
Img_08412,Neutrophil,round,unsegmented-band,no
Img_08413,Monocyte,irregular,irregular,yes
Img_08414,Basophil,round,irregular,no
Img_08415,Monocyte,irregular,irregular,yes
Img_08416,Lymphocyte,round,unsegmented-round,no
Img_08417,Lymphocyte,round,unsegmented-round,no
Img_08418,Eosinophil,round,segmented-bilobed,no
Img_08419,Eosinophil,round,segmented-bilobed,no
Img_08420,Neutrophil,round,unsegmented-band,no
Img_08421,Neutrophil,round,unsegmented-band,no
Img_08422,Monocyte,round,unsegmented-indented,yes
Img_08423,Neutrophil,round,unsegmented-band,no
Img_08424,Eosinophil,round,unsegmented-band,no
Img_08425,Neutrophil,round,unsegmented-band,no
Img_08426,Eosinophil,irregular,irregular,no
Img_08427,Neutrophil,round,unsegmented-band,no
Img_08428,Eosinophil,round,segmented-multilobed,no
Img_08429,Neutrophil,irregular,irregular,no
Img_08430,Lymphocyte,irregular,unsegmented-round,no
Img_08431,Eosinophil,round,segmented-bilobed,no
Img_08432,Eosinophil,round,segmented-multilobed,no
Img_08433,Neutrophil,round,segmented-multilobed,no
Img_08434,Basophil,round,irregular,no
Img_08435,Neutrophil,round,unsegmented-band,no
Img_08436,Eosinophil,round,segmented-bilobed,no
Img_08437,Neutrophil,round,unsegmented-band,no
Img_08438,Eosinophil,round,segmented-multilobed,no
Img_08439,Basophil,round,irregular,no
Img_08440,Eosinophil,round,segmented-multilobed,no
Img_08441,Eosinophil,round,segmented-multilobed,no
Img_08442,Lymphocyte,round,unsegmented-round,no
Img_08443,Eosinophil,round,segmented-bilobed,no
Img_08444,Eosinophil,round,segmented-bilobed,no
Img_08445,Lymphocyte,round,unsegmented-round,no
Img_08446,Neutrophil,round,unsegmented-band,no
Img_08447,Neutrophil,round,unsegmented-band,no
Img_08448,Basophil,round,irregular,no
Img_08449,Lymphocyte,irregular,unsegmented-round,no
Img_08450,Neutrophil,round,unsegmented-band,no
Img_08451,Lymphocyte,round,unsegmented-round,no
Img_08452,Basophil,round,irregular,no
Img_08453,Neutrophil,round,unsegmented-band,no
Img_08454,Neutrophil,round,unsegmented-band,no
Img_08455,Basophil,round,irregular,no
Img_08456,Eosinophil,round,segmented-bilobed,no
Img_08457,Eosinophil,round,segmented-bilobed,no
Img_08458,Lymphocyte,round,unsegmented-round,no
Img_08459,Eosinophil,round,segmented-bilobed,no
Img_08460,Neutrophil,round,unsegmented-band,no
Img_08461,Eosinophil,round,segmented-bilobed,no
Img_08462,Eosinophil,round,segmented-bilobed,no
Img_08463,Eosinophil,round,segmented-bilobed,no
Img_08464,Monocyte,round,unsegmented-indented,yes
Img_08465,Monocyte,irregular,unsegmented-indented,yes
Img_08466,Neutrophil,round,unsegmented-band,no
Img_08467,Eosinophil,round,segmented-bilobed,no
Img_08468,Basophil,round,irregular,no
Img_08469,Monocyte,irregular,irregular,yes
Img_08470,Neutrophil,round,unsegmented-band,no
Img_08471,Eosinophil,round,segmented-multilobed,no
Img_08472,Basophil,round,irregular,no
Img_08473,Neutrophil,round,unsegmented-band,no
Img_08474,Neutrophil,round,segmented-multilobed,no
Img_08475,Eosinophil,irregular,segmented-multilobed,no
Img_08476,Eosinophil,round,segmented-bilobed,no
Img_08477,Neutrophil,round,unsegmented-band,no
Img_08478,Neutrophil,round,unsegmented-band,no
Img_08479,Eosinophil,round,segmented-bilobed,no
Img_08480,Monocyte,irregular,irregular,yes
Img_08481,Monocyte,irregular,irregular,yes
Img_08482,Basophil,round,irregular,no
Img_08483,Eosinophil,irregular,segmented-bilobed,no
Img_08484,Basophil,round,irregular,no
Img_08485,Basophil,round,irregular,no
Img_08486,Neutrophil,round,unsegmented-band,no
Img_08487,Eosinophil,round,segmented-bilobed,no
Img_08488,Eosinophil,round,segmented-bilobed,no
Img_08489,Neutrophil,round,unsegmented-band,no
Img_08490,Eosinophil,round,segmented-bilobed,no
Img_08491,Neutrophil,irregular,unsegmented-band,yes
Img_08492,Eosinophil,round,segmented-bilobed,no
Img_08493,Neutrophil,round,unsegmented-band,no
Img_08494,Monocyte,irregular,unsegmented-indented,yes
Img_08495,Eosinophil,round,segmented-multilobed,no
Img_08496,Lymphocyte,round,unsegmented-round,no
Img_08497,Monocyte,round,unsegmented-indented,no
Img_08498,Basophil,round,irregular,no
Img_08499,Lymphocyte,irregular,unsegmented-round,no
Img_08500,Neutrophil,round,unsegmented-band,no
Img_08501,Neutrophil,irregular,unsegmented-band,no
Img_08502,Neutrophil,round,unsegmented-band,no
Img_08503,Basophil,round,irregular,no
Img_08504,Neutrophil,round,unsegmented-band,no
Img_08505,Basophil,round,irregular,no
Img_08506,Eosinophil,round,segmented-bilobed,no
Img_08507,Eosinophil,round,segmented-bilobed,no
Img_08508,Lymphocyte,round,unsegmented-round,no
Img_08509,Neutrophil,round,unsegmented-band,no
Img_08510,Eosinophil,round,segmented-multilobed,no
Img_08511,Eosinophil,round,segmented-bilobed,no
Img_08512,Basophil,round,irregular,no
Img_08513,Eosinophil,round,segmented-bilobed,no
Img_08514,Basophil,round,irregular,no
Img_08515,Eosinophil,round,segmented-bilobed,no
Img_08516,Neutrophil,round,unsegmented-band,no
Img_08517,Neutrophil,round,unsegmented-band,no
Img_08518,Eosinophil,round,segmented-bilobed,no
Img_08519,Neutrophil,round,unsegmented-band,no
Img_08520,Eosinophil,round,segmented-bilobed,no
Img_08521,Neutrophil,round,unsegmented-band,no
Img_08522,Monocyte,irregular,irregular,yes
Img_08523,Neutrophil,irregular,unsegmented-band,no
Img_08524,Monocyte,irregular,irregular,yes
Img_08525,Eosinophil,round,segmented-multilobed,no
Img_08526,Monocyte,round,unsegmented-indented,no
Img_08527,Monocyte,irregular,unsegmented-indented,yes
Img_08528,Neutrophil,round,unsegmented-band,no
Img_08529,Eosinophil,round,segmented-bilobed,no
Img_08530,Basophil,round,irregular,no
Img_08531,Neutrophil,round,unsegmented-band,no
Img_08532,Eosinophil,round,segmented-bilobed,no
Img_08533,Neutrophil,round,segmented-multilobed,no
Img_08534,Neutrophil,round,segmented-multilobed,no
Img_08535,Eosinophil,round,segmented-bilobed,no
Img_08536,Eosinophil,round,segmented-bilobed,no
Img_08537,Lymphocyte,irregular,unsegmented-round,no
Img_08538,Eosinophil,round,segmented-bilobed,no
Img_08539,Neutrophil,irregular,unsegmented-band,no
Img_08540,Monocyte,round,unsegmented-indented,no
Img_08541,Lymphocyte,round,unsegmented-round,no
Img_08542,Neutrophil,round,unsegmented-band,no
Img_08543,Neutrophil,irregular,unsegmented-band,no
Img_08544,Lymphocyte,round,unsegmented-round,no
Img_08545,Eosinophil,round,segmented-bilobed,no
Img_08546,Eosinophil,round,segmented-bilobed,no
Img_08547,Monocyte,irregular,unsegmented-indented,yes
Img_08548,Eosinophil,round,unsegmented-band,no
Img_08549,Monocyte,irregular,irregular,yes
Img_08550,Eosinophil,round,segmented-multilobed,no
Img_08551,Monocyte,round,unsegmented-indented,no
Img_08552,Neutrophil,round,segmented-multilobed,no
Img_08553,Lymphocyte,round,unsegmented-round,no
Img_08554,Eosinophil,round,segmented-bilobed,no
Img_08555,Neutrophil,irregular,unsegmented-band,no
Img_08556,Neutrophil,irregular,unsegmented-band,no
Img_08557,Neutrophil,round,unsegmented-band,no
Img_08558,Eosinophil,irregular,segmented-bilobed,no
Img_08559,Eosinophil,round,segmented-bilobed,no
Img_08560,Basophil,round,irregular,no
Img_08561,Monocyte,round,unsegmented-indented,no
Img_08562,Neutrophil,irregular,unsegmented-band,no
Img_08563,Neutrophil,irregular,segmented-multilobed,no
Img_08564,Eosinophil,round,segmented-multilobed,no
Img_08565,Neutrophil,round,unsegmented-band,no
Img_08566,Neutrophil,round,unsegmented-band,no
Img_08567,Lymphocyte,round,unsegmented-round,no
Img_08568,Basophil,round,irregular,no
Img_08569,Eosinophil,round,segmented-bilobed,no
Img_08570,Basophil,round,irregular,no
Img_08571,Monocyte,round,unsegmented-indented,no
Img_08572,Eosinophil,round,segmented-bilobed,no
Img_08573,Lymphocyte,irregular,unsegmented-round,no
Img_08574,Monocyte,irregular,irregular,yes
Img_08575,Eosinophil,round,segmented-bilobed,no
Img_08576,Monocyte,irregular,unsegmented-indented,yes
Img_08577,Neutrophil,irregular,unsegmented-band,no
Img_08578,Monocyte,irregular,unsegmented-indented,yes
Img_08579,Eosinophil,round,segmented-multilobed,no
Img_08580,Neutrophil,irregular,unsegmented-band,no
Img_08581,Eosinophil,round,segmented-bilobed,no
Img_08582,Monocyte,round,unsegmented-indented,no
Img_08583,Basophil,irregular,irregular,no
Img_08584,Eosinophil,round,segmented-bilobed,no
Img_08585,Monocyte,round,unsegmented-indented,no
Img_08586,Neutrophil,irregular,unsegmented-band,no
Img_08587,Eosinophil,round,segmented-bilobed,no
Img_08588,Eosinophil,round,segmented-bilobed,no
Img_08589,Eosinophil,round,segmented-bilobed,no
Img_08590,Lymphocyte,round,unsegmented-round,no
Img_08591,Neutrophil,round,unsegmented-band,no
Img_08592,Eosinophil,round,segmented-multilobed,no
Img_08593,Neutrophil,round,unsegmented-band,no
Img_08594,Neutrophil,round,unsegmented-band,no
Img_08595,Neutrophil,round,unsegmented-band,no
Img_08596,Neutrophil,round,unsegmented-band,no
Img_08597,Neutrophil,round,unsegmented-band,no
Img_08598,Eosinophil,round,unsegmented-band,no
Img_08599,Neutrophil,round,segmented-multilobed,no
Img_08600,Basophil,round,irregular,no
Img_08601,Monocyte,round,unsegmented-indented,no
Img_08602,Eosinophil,round,segmented-bilobed,no
Img_08603,Lymphocyte,round,unsegmented-round,no
Img_08604,Eosinophil,round,segmented-bilobed,no
Img_08605,Neutrophil,round,unsegmented-band,no
Img_08606,Monocyte,irregular,unsegmented-indented,yes
Img_08607,Neutrophil,irregular,segmented-multilobed,no
Img_08608,Neutrophil,round,unsegmented-band,no
Img_08609,Neutrophil,round,unsegmented-band,no
Img_08610,Eosinophil,round,segmented-bilobed,no
Img_08611,Eosinophil,round,segmented-bilobed,no
Img_08612,Eosinophil,round,segmented-bilobed,no
Img_08613,Eosinophil,round,segmented-bilobed,no
Img_08614,Monocyte,irregular,unsegmented-indented,yes
Img_08615,Neutrophil,round,unsegmented-band,no
Img_08616,Monocyte,irregular,irregular,yes
Img_08617,Neutrophil,round,unsegmented-band,no
Img_08618,Eosinophil,round,segmented-bilobed,no
Img_08619,Eosinophil,round,segmented-multilobed,no
Img_08620,Eosinophil,round,segmented-multilobed,no
Img_08621,Monocyte,irregular,irregular,yes
Img_08622,Lymphocyte,round,unsegmented-round,no
Img_08623,Neutrophil,round,unsegmented-band,no
Img_08624,Neutrophil,round,unsegmented-band,no
Img_08625,Neutrophil,round,segmented-multilobed,no
Img_08626,Basophil,round,irregular,no
Img_08627,Neutrophil,round,unsegmented-band,no
Img_08628,Neutrophil,round,unsegmented-band,no
Img_08629,Basophil,round,irregular,no
Img_08630,Neutrophil,round,unsegmented-band,no
Img_08631,Eosinophil,round,segmented-multilobed,no
Img_08632,Lymphocyte,round,unsegmented-round,no
Img_08633,Monocyte,irregular,irregular,yes
Img_08634,Eosinophil,round,segmented-bilobed,no
Img_08635,Lymphocyte,round,unsegmented-round,no
Img_08636,Basophil,round,irregular,no
Img_08637,Neutrophil,round,unsegmented-band,no
Img_08638,Monocyte,round,unsegmented-indented,no
Img_08639,Lymphocyte,irregular,unsegmented-round,no
Img_08640,Monocyte,round,unsegmented-indented,no
Img_08641,Neutrophil,irregular,unsegmented-band,no
Img_08642,Lymphocyte,irregular,unsegmented-round,no
Img_08643,Lymphocyte,round,unsegmented-round,no
Img_08644,Neutrophil,round,segmented-multilobed,no
Img_08645,Neutrophil,irregular,segmented-multilobed,no
Img_08646,Eosinophil,round,segmented-bilobed,no
Img_08647,Lymphocyte,round,unsegmented-round,no
Img_08648,Neutrophil,round,unsegmented-band,no
Img_08649,Neutrophil,irregular,unsegmented-band,yes
Img_08650,Eosinophil,round,segmented-bilobed,no
Img_08651,Eosinophil,round,segmented-bilobed,no
Img_08652,Neutrophil,round,unsegmented-band,no
Img_08653,Neutrophil,round,unsegmented-band,no
Img_08654,Lymphocyte,round,unsegmented-round,no
Img_08655,Basophil,round,irregular,no
Img_08656,Lymphocyte,irregular,unsegmented-round,no
Img_08657,Neutrophil,round,unsegmented-band,no
Img_08658,Eosinophil,round,segmented-bilobed,no
Img_08659,Lymphocyte,round,unsegmented-round,no
Img_08660,Eosinophil,round,segmented-bilobed,no
Img_08661,Neutrophil,irregular,unsegmented-band,no
Img_08662,Eosinophil,round,segmented-bilobed,no
Img_08663,Eosinophil,round,segmented-bilobed,no
Img_08664,Eosinophil,round,segmented-bilobed,no
Img_08665,Basophil,round,irregular,no
Img_08666,Neutrophil,round,unsegmented-band,no
Img_08667,Monocyte,round,unsegmented-indented,no
Img_08668,Neutrophil,round,unsegmented-band,no
Img_08669,Basophil,round,irregular,no
Img_08670,Neutrophil,irregular,unsegmented-band,yes
Img_08671,Lymphocyte,round,unsegmented-round,no
Img_08672,Basophil,round,irregular,no
Img_08673,Neutrophil,round,unsegmented-band,no
Img_08674,Monocyte,round,unsegmented-indented,no
Img_08675,Neutrophil,round,unsegmented-band,no
Img_08676,Neutrophil,round,unsegmented-band,no
Img_08677,Neutrophil,irregular,unsegmented-band,yes
Img_08678,Neutrophil,round,unsegmented-band,no
Img_08679,Neutrophil,round,unsegmented-band,no
Img_08680,Neutrophil,irregular,segmented-multilobed,no
Img_08681,Eosinophil,round,segmented-multilobed,no
Img_08682,Eosinophil,round,segmented-bilobed,no
Img_08683,Lymphocyte,irregular,unsegmented-round,no
Img_08684,Eosinophil,round,segmented-bilobed,no
Img_08685,Eosinophil,round,segmented-bilobed,no
Img_08686,Neutrophil,irregular,unsegmented-band,no
Img_08687,Lymphocyte,irregular,unsegmented-round,no
Img_08688,Eosinophil,round,segmented-multilobed,no
Img_08689,Eosinophil,round,segmented-bilobed,no
Img_08690,Eosinophil,round,segmented-bilobed,no
Img_08691,Eosinophil,round,segmented-bilobed,no
Img_08692,Eosinophil,round,segmented-bilobed,no
Img_08693,Monocyte,irregular,unsegmented-indented,yes
Img_08694,Neutrophil,round,unsegmented-band,no
Img_08695,Eosinophil,round,segmented-multilobed,no
Img_08696,Neutrophil,round,unsegmented-band,no
Img_08697,Eosinophil,round,segmented-bilobed,no
Img_08698,Eosinophil,round,unsegmented-band,no
Img_08699,Eosinophil,round,segmented-bilobed,no
Img_08700,Lymphocyte,round,unsegmented-round,no
Img_08701,Eosinophil,round,segmented-bilobed,no
Img_08702,Neutrophil,round,unsegmented-band,no
Img_08703,Eosinophil,round,segmented-bilobed,no
Img_08704,Eosinophil,round,segmented-bilobed,no
Img_08705,Monocyte,irregular,unsegmented-indented,yes
Img_08706,Eosinophil,round,segmented-bilobed,no
Img_08707,Basophil,round,irregular,no
Img_08708,Basophil,round,irregular,no
Img_08709,Neutrophil,round,segmented-multilobed,no
Img_08710,Monocyte,round,unsegmented-indented,no
Img_08711,Neutrophil,irregular,unsegmented-band,yes
Img_08712,Basophil,round,irregular,no
Img_08713,Lymphocyte,round,unsegmented-round,no
Img_08714,Basophil,round,irregular,no
Img_08715,Neutrophil,irregular,unsegmented-band,no
Img_08716,Eosinophil,round,segmented-bilobed,no
Img_08717,Eosinophil,round,segmented-bilobed,no
Img_08718,Lymphocyte,round,unsegmented-round,no
Img_08719,Neutrophil,round,unsegmented-band,no
Img_08720,Eosinophil,round,segmented-bilobed,no
Img_08721,Basophil,round,irregular,no
Img_08722,Eosinophil,round,segmented-multilobed,no
Img_08723,Neutrophil,round,unsegmented-band,no
Img_08724,Neutrophil,round,unsegmented-band,no
Img_08725,Neutrophil,round,unsegmented-band,no
Img_08726,Neutrophil,round,unsegmented-band,no
Img_08727,Eosinophil,round,segmented-bilobed,no
Img_08728,Eosinophil,round,segmented-bilobed,no
Img_08729,Eosinophil,round,segmented-multilobed,no
Img_08730,Neutrophil,round,unsegmented-band,no
Img_08731,Monocyte,round,unsegmented-indented,yes
Img_08732,Lymphocyte,round,unsegmented-round,no
Img_08733,Neutrophil,irregular,segmented-multilobed,no
Img_08734,Neutrophil,irregular,segmented-multilobed,no
Img_08735,Eosinophil,round,segmented-bilobed,no
Img_08736,Neutrophil,round,unsegmented-band,no
Img_08737,Eosinophil,round,segmented-bilobed,no
Img_08738,Eosinophil,round,unsegmented-band,no
Img_08739,Neutrophil,round,unsegmented-band,no
Img_08740,Neutrophil,round,unsegmented-band,no
Img_08741,Monocyte,irregular,unsegmented-indented,yes
Img_08742,Neutrophil,round,unsegmented-band,no
Img_08743,Neutrophil,round,segmented-multilobed,no
Img_08744,Lymphocyte,round,unsegmented-round,no
Img_08745,Eosinophil,round,segmented-bilobed,no
Img_08746,Neutrophil,irregular,unsegmented-band,no
Img_08747,Neutrophil,irregular,segmented-multilobed,no
Img_08748,Neutrophil,round,unsegmented-band,no
Img_08749,Neutrophil,round,unsegmented-band,no
Img_08750,Monocyte,round,unsegmented-indented,no
Img_08751,Basophil,round,irregular,no
Img_08752,Neutrophil,irregular,segmented-multilobed,no
Img_08753,Monocyte,irregular,irregular,yes
Img_08754,Neutrophil,round,unsegmented-band,no
Img_08755,Lymphocyte,round,unsegmented-round,no
Img_08756,Lymphocyte,round,unsegmented-round,no
Img_08757,Eosinophil,round,segmented-bilobed,no
Img_08758,Lymphocyte,round,unsegmented-round,no
Img_08759,Neutrophil,round,unsegmented-band,no
Img_08760,Basophil,round,irregular,no
Img_08761,Neutrophil,round,unsegmented-band,no
Img_08762,Lymphocyte,round,unsegmented-round,no
Img_08763,Neutrophil,round,unsegmented-band,no
Img_08764,Lymphocyte,round,unsegmented-round,no
Img_08765,Neutrophil,round,unsegmented-band,no
Img_08766,Eosinophil,round,segmented-bilobed,no
Img_08767,Neutrophil,round,segmented-multilobed,no
Img_08768,Neutrophil,round,unsegmented-band,no
Img_08769,Neutrophil,irregular,unsegmented-band,no
Img_08770,Eosinophil,round,segmented-multilobed,no
Img_08771,Eosinophil,round,segmented-bilobed,no
Img_08772,Eosinophil,round,segmented-bilobed,no
Img_08773,Eosinophil,round,segmented-multilobed,no
Img_08774,Eosinophil,round,segmented-bilobed,no
Img_08775,Monocyte,round,unsegmented-indented,no
Img_08776,Monocyte,round,unsegmented-indented,no
Img_08777,Lymphocyte,irregular,unsegmented-round,no
Img_08778,Eosinophil,round,segmented-bilobed,no
Img_08779,Neutrophil,irregular,unsegmented-band,no
Img_08780,Eosinophil,round,segmented-bilobed,no
Img_08781,Eosinophil,round,segmented-bilobed,no
Img_08782,Eosinophil,round,segmented-bilobed,no
Img_08783,Lymphocyte,round,unsegmented-round,no
Img_08784,Basophil,round,irregular,no
Img_08785,Lymphocyte,round,unsegmented-round,no
Img_08786,Monocyte,irregular,unsegmented-indented,yes
Img_08787,Neutrophil,irregular,unsegmented-band,no
Img_08788,Basophil,round,irregular,no
Img_08789,Eosinophil,round,unsegmented-band,no
Img_08790,Eosinophil,round,segmented-bilobed,no
Img_08791,Monocyte,round,unsegmented-indented,no
Img_08792,Basophil,round,irregular,no
Img_08793,Neutrophil,round,unsegmented-band,no
Img_08794,Eosinophil,round,segmented-multilobed,no
Img_08795,Eosinophil,round,segmented-bilobed,no
Img_08796,Neutrophil,irregular,unsegmented-band,no
Img_08797,Basophil,round,irregular,no
Img_08798,Neutrophil,irregular,unsegmented-band,no
Img_08799,Monocyte,irregular,unsegmented-indented,yes
Img_08800,Monocyte,irregular,irregular,yes
Img_08801,Lymphocyte,round,unsegmented-round,no
Img_08802,Eosinophil,round,segmented-multilobed,no
Img_08803,Neutrophil,round,unsegmented-band,no
Img_08804,Eosinophil,round,segmented-bilobed,no
Img_08805,Basophil,round,irregular,no
Img_08806,Monocyte,irregular,unsegmented-band,yes
Img_08807,Lymphocyte,round,unsegmented-round,no
Img_08808,Neutrophil,round,unsegmented-band,no
Img_08809,Eosinophil,round,segmented-bilobed,no
Img_08810,Lymphocyte,round,unsegmented-round,no
Img_08811,Eosinophil,round,segmented-bilobed,no
Img_08812,Monocyte,irregular,unsegmented-indented,no
Img_08813,Neutrophil,round,segmented-multilobed,no
Img_08814,Neutrophil,round,unsegmented-band,no
Img_08815,Monocyte,irregular,unsegmented-indented,yes
Img_08816,Eosinophil,round,segmented-bilobed,no
Img_08817,Neutrophil,round,unsegmented-band,no
Img_08818,Neutrophil,round,unsegmented-band,no
Img_08819,Neutrophil,round,unsegmented-band,no
Img_08820,Lymphocyte,round,unsegmented-round,no
Img_08821,Monocyte,irregular,irregular,yes
Img_08822,Eosinophil,round,segmented-bilobed,no
Img_08823,Eosinophil,round,unsegmented-band,no
Img_08824,Monocyte,irregular,unsegmented-indented,yes
Img_08825,Eosinophil,round,unsegmented-band,no
Img_08826,Basophil,round,irregular,no
Img_08827,Eosinophil,round,segmented-bilobed,no
Img_08828,Monocyte,irregular,unsegmented-indented,yes
Img_08829,Neutrophil,irregular,segmented-multilobed,no
Img_08830,Eosinophil,round,segmented-bilobed,no
Img_08831,Lymphocyte,round,unsegmented-round,no
Img_08832,Neutrophil,round,unsegmented-band,yes
Img_08833,Neutrophil,round,unsegmented-band,no
Img_08834,Eosinophil,round,segmented-bilobed,no
Img_08835,Basophil,round,irregular,no
Img_08836,Monocyte,round,unsegmented-indented,yes
Img_08837,Lymphocyte,round,unsegmented-round,no
Img_08838,Eosinophil,irregular,segmented-bilobed,no
Img_08839,Lymphocyte,round,unsegmented-round,no
Img_08840,Neutrophil,round,unsegmented-band,no
Img_08841,Eosinophil,round,segmented-bilobed,no
Img_08842,Eosinophil,round,segmented-bilobed,no
Img_08843,Basophil,round,irregular,no
Img_08844,Eosinophil,round,segmented-bilobed,no
Img_08845,Monocyte,irregular,unsegmented-indented,yes
Img_08846,Monocyte,round,unsegmented-indented,no
Img_08847,Monocyte,irregular,irregular,yes
Img_08848,Basophil,round,irregular,no
Img_08849,Basophil,round,irregular,no
Img_08850,Lymphocyte,round,unsegmented-round,no
Img_08851,Eosinophil,round,segmented-bilobed,no
Img_08852,Neutrophil,round,unsegmented-band,no
Img_08853,Monocyte,irregular,unsegmented-indented,yes
Img_08854,Neutrophil,irregular,unsegmented-band,yes
Img_08855,Lymphocyte,round,unsegmented-round,no
Img_08856,Eosinophil,round,segmented-bilobed,no
Img_08857,Basophil,round,irregular,no
Img_08858,Eosinophil,round,segmented-multilobed,no
Img_08859,Neutrophil,round,unsegmented-band,no
Img_08860,Monocyte,irregular,unsegmented-indented,yes
Img_08861,Eosinophil,round,segmented-bilobed,no
Img_08862,Monocyte,irregular,unsegmented-indented,yes
Img_08863,Basophil,round,irregular,no
Img_08864,Neutrophil,irregular,unsegmented-band,no
Img_08865,Neutrophil,round,unsegmented-band,no
Img_08866,Eosinophil,irregular,segmented-bilobed,no
Img_08867,Neutrophil,round,segmented-multilobed,no
Img_08868,Basophil,round,irregular,no
Img_08869,Neutrophil,round,unsegmented-band,no
Img_08870,Eosinophil,round,segmented-multilobed,no
Img_08871,Lymphocyte,round,unsegmented-round,no
Img_08872,Eosinophil,round,segmented-multilobed,no
Img_08873,Eosinophil,round,segmented-bilobed,no
Img_08874,Neutrophil,round,segmented-multilobed,no
Img_08875,Eosinophil,round,segmented-bilobed,no
Img_08876,Neutrophil,round,unsegmented-band,no
Img_08877,Eosinophil,round,segmented-bilobed,no
Img_08878,Eosinophil,round,segmented-bilobed,no
Img_08879,Monocyte,irregular,unsegmented-indented,yes
Img_08880,Monocyte,irregular,unsegmented-indented,yes
Img_08881,Eosinophil,round,segmented-bilobed,no
Img_08882,Lymphocyte,round,unsegmented-round,no
Img_08883,Neutrophil,round,unsegmented-band,no
Img_08884,Eosinophil,round,segmented-bilobed,no
Img_08885,Neutrophil,irregular,unsegmented-band,no
Img_08886,Basophil,round,irregular,no
Img_08887,Monocyte,irregular,irregular,yes
Img_08888,Lymphocyte,round,unsegmented-round,no
Img_08889,Lymphocyte,round,unsegmented-round,no
Img_08890,Lymphocyte,round,unsegmented-round,no
Img_08891,Neutrophil,round,unsegmented-band,no
Img_08892,Lymphocyte,round,unsegmented-round,no
Img_08893,Neutrophil,round,unsegmented-band,no
Img_08894,Lymphocyte,irregular,unsegmented-round,no
Img_08895,Eosinophil,round,segmented-bilobed,no
Img_08896,Eosinophil,round,segmented-bilobed,no
Img_08897,Neutrophil,round,unsegmented-band,no
Img_08898,Eosinophil,round,segmented-bilobed,no
Img_08899,Eosinophil,round,segmented-bilobed,no
Img_08900,Eosinophil,round,segmented-bilobed,no
Img_08901,Eosinophil,round,segmented-bilobed,no
Img_08902,Neutrophil,round,unsegmented-band,no
Img_08903,Basophil,round,irregular,no
Img_08904,Neutrophil,irregular,segmented-multilobed,no
Img_08905,Monocyte,round,unsegmented-indented,yes
Img_08906,Neutrophil,round,unsegmented-band,no
Img_08907,Neutrophil,round,unsegmented-band,no
Img_08908,Neutrophil,irregular,segmented-multilobed,no
Img_08909,Basophil,round,irregular,no
Img_08910,Basophil,round,irregular,no
Img_08911,Eosinophil,round,segmented-multilobed,no
Img_08912,Eosinophil,round,unsegmented-band,no
Img_08913,Lymphocyte,round,unsegmented-round,no
Img_08914,Neutrophil,irregular,segmented-multilobed,no
Img_08915,Eosinophil,round,segmented-bilobed,no
Img_08916,Eosinophil,round,segmented-bilobed,no
Img_08917,Eosinophil,round,segmented-bilobed,no
Img_08918,Eosinophil,round,segmented-bilobed,no
Img_08919,Neutrophil,irregular,unsegmented-band,no
Img_08920,Monocyte,irregular,unsegmented-indented,yes
Img_08921,Lymphocyte,irregular,unsegmented-round,no
Img_08922,Eosinophil,round,segmented-bilobed,no
Img_08923,Lymphocyte,irregular,unsegmented-round,no
Img_08924,Neutrophil,round,unsegmented-band,no
Img_08925,Lymphocyte,round,unsegmented-round,no
Img_08926,Monocyte,irregular,irregular,yes
Img_08927,Eosinophil,round,segmented-bilobed,no
Img_08928,Monocyte,irregular,unsegmented-indented,yes
Img_08929,Neutrophil,round,unsegmented-band,no
Img_08930,Eosinophil,round,segmented-bilobed,no
Img_08931,Lymphocyte,round,unsegmented-round,no
Img_08932,Neutrophil,round,unsegmented-band,no
Img_08933,Monocyte,irregular,unsegmented-indented,yes
Img_08934,Neutrophil,irregular,unsegmented-band,no
Img_08935,Eosinophil,round,segmented-bilobed,no
Img_08936,Neutrophil,round,unsegmented-band,no
Img_08937,Eosinophil,round,segmented-bilobed,no
Img_08938,Eosinophil,round,segmented-bilobed,no
Img_08939,Monocyte,round,unsegmented-indented,yes
Img_08940,Lymphocyte,round,unsegmented-round,no
Img_08941,Eosinophil,round,segmented-bilobed,no
Img_08942,Basophil,round,irregular,no
Img_08943,Eosinophil,round,segmented-bilobed,no
Img_08944,Monocyte,irregular,unsegmented-indented,yes
Img_08945,Eosinophil,round,segmented-bilobed,no
Img_08946,Neutrophil,round,unsegmented-band,no
Img_08947,Neutrophil,round,segmented-multilobed,no
Img_08948,Lymphocyte,round,unsegmented-round,no
Img_08949,Neutrophil,round,unsegmented-band,no
Img_08950,Eosinophil,round,segmented-bilobed,no
Img_08951,Neutrophil,round,unsegmented-band,no
Img_08952,Eosinophil,round,segmented-bilobed,no
Img_08953,Neutrophil,round,unsegmented-band,no
Img_08954,Neutrophil,round,unsegmented-band,no
Img_08955,Eosinophil,round,segmented-multilobed,no
Img_08956,Eosinophil,round,segmented-bilobed,no
Img_08957,Lymphocyte,round,unsegmented-round,no
Img_08958,Neutrophil,round,unsegmented-band,no
Img_08959,Neutrophil,round,unsegmented-band,no
Img_08960,Neutrophil,irregular,segmented-multilobed,no
Img_08961,Neutrophil,round,unsegmented-band,no
Img_08962,Eosinophil,round,segmented-bilobed,no
Img_08963,Neutrophil,irregular,unsegmented-band,no
Img_08964,Eosinophil,round,segmented-bilobed,no
Img_08965,Eosinophil,round,segmented-bilobed,no
Img_08966,Eosinophil,round,segmented-bilobed,no
Img_08967,Monocyte,round,unsegmented-indented,no
Img_08968,Neutrophil,round,segmented-multilobed,no
Img_08969,Monocyte,irregular,unsegmented-indented,yes
Img_08970,Basophil,round,irregular,no
Img_08971,Monocyte,round,unsegmented-indented,no
Img_08972,Eosinophil,round,segmented-bilobed,no
Img_08973,Basophil,round,irregular,no
Img_08974,Monocyte,round,unsegmented-indented,no
Img_08975,Basophil,round,irregular,no
Img_08976,Neutrophil,irregular,unsegmented-band,no
Img_08977,Neutrophil,round,unsegmented-band,no
Img_08978,Eosinophil,round,segmented-bilobed,no
Img_08979,Neutrophil,round,unsegmented-band,no
Img_08980,Eosinophil,round,segmented-bilobed,no
Img_08981,Neutrophil,round,unsegmented-band,no
Img_08982,Monocyte,round,unsegmented-indented,no
Img_08983,Basophil,round,unsegmented-indented,no
Img_08984,Neutrophil,round,unsegmented-band,no
Img_08985,Neutrophil,round,unsegmented-band,no
Img_08986,Neutrophil,round,segmented-multilobed,no
Img_08987,Neutrophil,irregular,unsegmented-band,no
Img_08988,Monocyte,irregular,unsegmented-indented,yes
Img_08989,Eosinophil,irregular,segmented-multilobed,no
Img_08990,Lymphocyte,irregular,unsegmented-round,no
Img_08991,Eosinophil,round,unsegmented-band,no
Img_08992,Eosinophil,round,segmented-bilobed,no
Img_08993,Neutrophil,irregular,unsegmented-band,yes
Img_08994,Eosinophil,round,segmented-bilobed,no
Img_08995,Eosinophil,round,segmented-bilobed,no
Img_08996,Neutrophil,round,segmented-bilobed,no
Img_08997,Neutrophil,round,unsegmented-band,no
Img_08998,Monocyte,irregular,unsegmented-indented,yes
Img_08999,Neutrophil,round,unsegmented-band,no
Img_09000,Monocyte,irregular,unsegmented-indented,yes
Img_09001,Neutrophil,irregular,segmented-multilobed,no
Img_09002,Eosinophil,round,segmented-bilobed,no
Img_09003,Basophil,round,irregular,no
Img_09004,Neutrophil,round,unsegmented-band,no
Img_09005,Lymphocyte,round,unsegmented-round,no
Img_09006,Eosinophil,round,segmented-bilobed,no
Img_09007,Lymphocyte,round,unsegmented-round,no
Img_09008,Basophil,irregular,irregular,no
Img_09009,Monocyte,round,unsegmented-indented,no
Img_09010,Lymphocyte,round,unsegmented-round,no
Img_09011,Eosinophil,round,segmented-bilobed,no
Img_09012,Eosinophil,round,segmented-bilobed,no
Img_09013,Eosinophil,round,segmented-bilobed,no
Img_09014,Basophil,round,irregular,no
Img_09015,Eosinophil,round,segmented-bilobed,no
Img_09016,Neutrophil,round,unsegmented-band,no
Img_09017,Neutrophil,round,unsegmented-band,no
Img_09018,Neutrophil,round,unsegmented-band,no
Img_09019,Monocyte,round,unsegmented-indented,no
Img_09020,Lymphocyte,irregular,unsegmented-round,no
Img_09021,Monocyte,round,unsegmented-indented,no
Img_09022,Eosinophil,round,segmented-bilobed,no
Img_09023,Basophil,round,irregular,no
Img_09024,Neutrophil,round,unsegmented-band,no
Img_09025,Monocyte,round,unsegmented-indented,no
Img_09026,Basophil,round,irregular,no
Img_09027,Neutrophil,round,unsegmented-band,no
Img_09028,Eosinophil,round,segmented-bilobed,no
Img_09029,Monocyte,round,unsegmented-indented,yes
Img_09030,Monocyte,irregular,unsegmented-indented,yes
Img_09031,Eosinophil,round,segmented-bilobed,no
Img_09032,Basophil,round,irregular,no
Img_09033,Neutrophil,round,unsegmented-band,no
Img_09034,Neutrophil,round,unsegmented-band,no
Img_09035,Basophil,round,irregular,no
Img_09036,Eosinophil,round,segmented-bilobed,no
Img_09037,Lymphocyte,round,unsegmented-round,no
Img_09038,Neutrophil,round,unsegmented-band,no
Img_09039,Eosinophil,irregular,unsegmented-band,no
Img_09040,Eosinophil,round,segmented-bilobed,no
Img_09041,Lymphocyte,irregular,unsegmented-round,no
Img_09042,Neutrophil,irregular,unsegmented-band,no
Img_09043,Neutrophil,round,unsegmented-band,no
Img_09044,Lymphocyte,round,unsegmented-round,no
Img_09045,Neutrophil,round,unsegmented-band,no
Img_09046,Neutrophil,round,unsegmented-band,no
Img_09047,Neutrophil,round,unsegmented-band,no
Img_09048,Neutrophil,round,unsegmented-band,no
Img_09049,Neutrophil,round,unsegmented-band,no
Img_09050,Monocyte,irregular,irregular,yes
Img_09051,Neutrophil,irregular,unsegmented-band,no
Img_09052,Eosinophil,round,unsegmented-band,no
Img_09053,Neutrophil,round,segmented-multilobed,no
Img_09054,Monocyte,irregular,unsegmented-indented,yes
Img_09055,Eosinophil,round,segmented-bilobed,no
Img_09056,Monocyte,irregular,unsegmented-indented,yes
Img_09057,Monocyte,irregular,unsegmented-indented,yes
Img_09058,Basophil,round,irregular,no
Img_09059,Eosinophil,round,segmented-bilobed,no
Img_09060,Neutrophil,round,unsegmented-band,no
Img_09061,Monocyte,round,unsegmented-indented,yes
Img_09062,Eosinophil,round,segmented-bilobed,no
Img_09063,Eosinophil,round,segmented-bilobed,no
Img_09064,Neutrophil,round,unsegmented-band,no
Img_09065,Basophil,round,irregular,no
Img_09066,Neutrophil,round,unsegmented-band,no
Img_09067,Eosinophil,round,segmented-bilobed,no
Img_09068,Monocyte,irregular,irregular,yes
Img_09069,Neutrophil,round,unsegmented-band,no
Img_09070,Neutrophil,round,unsegmented-band,no
Img_09071,Eosinophil,round,segmented-bilobed,no
Img_09072,Eosinophil,round,segmented-bilobed,no
Img_09073,Eosinophil,round,segmented-bilobed,no
Img_09074,Monocyte,round,unsegmented-indented,no
Img_09075,Neutrophil,irregular,unsegmented-band,no
Img_09076,Eosinophil,round,segmented-bilobed,no
Img_09077,Lymphocyte,round,unsegmented-round,no
Img_09078,Monocyte,round,unsegmented-indented,yes
Img_09079,Neutrophil,round,unsegmented-band,yes
Img_09080,Monocyte,round,unsegmented-indented,no
Img_09081,Neutrophil,round,unsegmented-band,no
Img_09082,Eosinophil,round,segmented-bilobed,no
Img_09083,Eosinophil,round,segmented-bilobed,no
Img_09084,Lymphocyte,irregular,unsegmented-round,no
Img_09085,Eosinophil,round,segmented-bilobed,no
Img_09086,Lymphocyte,round,unsegmented-round,no
Img_09087,Neutrophil,round,unsegmented-band,no
Img_09088,Eosinophil,round,segmented-bilobed,no
Img_09089,Basophil,round,irregular,no
Img_09090,Lymphocyte,round,unsegmented-round,no
Img_09091,Monocyte,irregular,irregular,yes
Img_09092,Basophil,round,irregular,no
Img_09093,Monocyte,irregular,unsegmented-indented,yes
Img_09094,Neutrophil,irregular,unsegmented-band,yes
Img_09095,Lymphocyte,irregular,unsegmented-round,no
Img_09096,Neutrophil,irregular,segmented-multilobed,no
Img_09097,Monocyte,irregular,irregular,yes
Img_09098,Neutrophil,irregular,segmented-multilobed,no
Img_09099,Eosinophil,round,unsegmented-band,no
Img_09100,Monocyte,irregular,irregular,yes
Img_09101,Neutrophil,round,segmented-multilobed,no
Img_09102,Neutrophil,round,unsegmented-band,no
Img_09103,Lymphocyte,round,unsegmented-round,no
Img_09104,Eosinophil,irregular,segmented-multilobed,no
Img_09105,Basophil,irregular,irregular,no
Img_09106,Eosinophil,round,segmented-bilobed,no
Img_09107,Eosinophil,round,segmented-bilobed,no
Img_09108,Neutrophil,round,unsegmented-band,no
Img_09109,Neutrophil,round,unsegmented-band,no
Img_09110,Neutrophil,round,unsegmented-band,no
Img_09111,Eosinophil,round,segmented-bilobed,no
Img_09112,Eosinophil,round,unsegmented-band,no
Img_09113,Eosinophil,round,segmented-bilobed,no
Img_09114,Monocyte,irregular,unsegmented-indented,yes
Img_09115,Eosinophil,round,segmented-bilobed,no
Img_09116,Neutrophil,round,segmented-multilobed,no
Img_09117,Eosinophil,round,unsegmented-band,no
Img_09118,Basophil,round,irregular,no
Img_09119,Neutrophil,round,unsegmented-band,no
Img_09120,Eosinophil,round,segmented-bilobed,no
Img_09121,Eosinophil,round,segmented-bilobed,no
Img_09122,Basophil,round,irregular,no
Img_09123,Eosinophil,round,segmented-bilobed,no
Img_09124,Monocyte,irregular,irregular,yes
Img_09125,Eosinophil,round,segmented-bilobed,no
Img_09126,Neutrophil,round,unsegmented-band,no
Img_09127,Neutrophil,round,unsegmented-band,no
Img_09128,Neutrophil,round,segmented-multilobed,no
Img_09129,Eosinophil,round,segmented-bilobed,no
Img_09130,Lymphocyte,round,unsegmented-round,no
Img_09131,Eosinophil,round,segmented-bilobed,no
Img_09132,Monocyte,round,unsegmented-indented,no
Img_09133,Neutrophil,round,unsegmented-band,no
Img_09134,Basophil,round,irregular,no
Img_09135,Neutrophil,round,segmented-multilobed,no
Img_09136,Monocyte,irregular,irregular,yes
Img_09137,Monocyte,irregular,irregular,yes
Img_09138,Eosinophil,round,unsegmented-band,no
Img_09139,Eosinophil,round,segmented-bilobed,no
Img_09140,Eosinophil,round,segmented-bilobed,no
Img_09141,Neutrophil,round,unsegmented-band,no
Img_09142,Monocyte,round,unsegmented-indented,yes
Img_09143,Eosinophil,round,segmented-bilobed,no
Img_09144,Basophil,round,irregular,no
Img_09145,Neutrophil,round,segmented-multilobed,no
Img_09146,Neutrophil,round,unsegmented-band,no
Img_09147,Lymphocyte,round,unsegmented-round,no
Img_09148,Lymphocyte,round,unsegmented-round,no
Img_09149,Lymphocyte,round,unsegmented-round,no
Img_09150,Monocyte,irregular,unsegmented-indented,yes
Img_09151,Neutrophil,round,unsegmented-band,no
Img_09152,Lymphocyte,round,unsegmented-round,no
Img_09153,Eosinophil,round,segmented-bilobed,no
Img_09154,Eosinophil,round,segmented-bilobed,no
Img_09155,Neutrophil,round,unsegmented-band,no
Img_09156,Neutrophil,round,unsegmented-band,no
Img_09157,Neutrophil,round,unsegmented-band,no
Img_09158,Neutrophil,irregular,unsegmented-band,no
Img_09159,Lymphocyte,round,unsegmented-round,no
Img_09160,Monocyte,round,unsegmented-indented,no
Img_09161,Monocyte,irregular,unsegmented-indented,yes
Img_09162,Neutrophil,round,unsegmented-band,no
Img_09163,Neutrophil,round,unsegmented-band,no
Img_09164,Basophil,round,irregular,no
Img_09165,Monocyte,round,unsegmented-indented,yes
Img_09166,Neutrophil,irregular,unsegmented-band,no
Img_09167,Neutrophil,round,unsegmented-band,no
Img_09168,Neutrophil,round,unsegmented-band,no
Img_09169,Eosinophil,round,segmented-bilobed,no
Img_09170,Neutrophil,irregular,unsegmented-band,yes
Img_09171,Basophil,round,irregular,no
Img_09172,Monocyte,round,unsegmented-indented,yes
Img_09173,Neutrophil,irregular,unsegmented-band,yes
Img_09174,Eosinophil,irregular,segmented-multilobed,no
Img_09175,Lymphocyte,round,unsegmented-round,no
Img_09176,Eosinophil,round,segmented-bilobed,no
Img_09177,Basophil,round,irregular,no
Img_09178,Basophil,round,irregular,no
Img_09179,Neutrophil,round,unsegmented-band,no
Img_09180,Neutrophil,irregular,unsegmented-band,yes
Img_09181,Basophil,round,irregular,no
Img_09182,Lymphocyte,round,unsegmented-round,no
Img_09183,Neutrophil,round,unsegmented-band,no
Img_09184,Eosinophil,round,segmented-bilobed,no
Img_09185,Monocyte,irregular,irregular,yes
Img_09186,Eosinophil,round,segmented-bilobed,no
Img_09187,Basophil,round,irregular,no
Img_09188,Neutrophil,round,unsegmented-band,no
Img_09189,Neutrophil,round,unsegmented-band,no
Img_09190,Eosinophil,round,unsegmented-band,no
Img_09191,Lymphocyte,irregular,unsegmented-round,no
Img_09192,Neutrophil,round,unsegmented-band,no
Img_09193,Neutrophil,round,unsegmented-band,no
Img_09194,Neutrophil,round,unsegmented-band,no
Img_09195,Eosinophil,round,segmented-bilobed,no
Img_09196,Eosinophil,round,segmented-bilobed,no
Img_09197,Eosinophil,round,segmented-multilobed,no
Img_09198,Neutrophil,round,unsegmented-band,no
Img_09199,Lymphocyte,irregular,unsegmented-round,no
Img_09200,Monocyte,round,unsegmented-indented,yes
Img_09201,Monocyte,irregular,unsegmented-indented,yes
Img_09202,Neutrophil,round,unsegmented-band,no
Img_09203,Neutrophil,irregular,unsegmented-band,no
Img_09204,Basophil,round,irregular,no
Img_09205,Monocyte,irregular,irregular,yes
Img_09206,Neutrophil,irregular,segmented-multilobed,no
Img_09207,Basophil,round,irregular,no
Img_09208,Neutrophil,round,unsegmented-band,no
Img_09209,Neutrophil,round,unsegmented-band,no
Img_09210,Monocyte,round,unsegmented-indented,yes
Img_09211,Neutrophil,irregular,unsegmented-band,yes
Img_09212,Basophil,round,irregular,no
Img_09213,Neutrophil,irregular,unsegmented-band,no
Img_09214,Monocyte,irregular,unsegmented-indented,yes
Img_09215,Basophil,round,irregular,no
Img_09216,Neutrophil,round,unsegmented-band,no
Img_09217,Eosinophil,irregular,segmented-multilobed,no
Img_09218,Lymphocyte,irregular,unsegmented-round,no
Img_09219,Neutrophil,round,unsegmented-band,no
Img_09220,Neutrophil,round,unsegmented-band,no
Img_09221,Neutrophil,round,unsegmented-band,no
Img_09222,Basophil,round,irregular,no
Img_09223,Neutrophil,round,unsegmented-band,no
Img_09224,Neutrophil,round,unsegmented-band,no
Img_09225,Eosinophil,irregular,segmented-multilobed,no
Img_09226,Eosinophil,round,segmented-multilobed,no
Img_09227,Basophil,round,irregular,no
Img_09228,Monocyte,irregular,irregular,yes
Img_09229,Neutrophil,round,unsegmented-band,no
Img_09230,Eosinophil,round,segmented-bilobed,no
Img_09231,Neutrophil,round,unsegmented-band,no
Img_09232,Neutrophil,round,unsegmented-band,yes
Img_09233,Basophil,round,unsegmented-round,no
Img_09234,Neutrophil,round,unsegmented-band,no
Img_09235,Basophil,round,irregular,no
Img_09236,Monocyte,irregular,unsegmented-indented,yes
Img_09237,Neutrophil,round,unsegmented-band,no
Img_09238,Monocyte,irregular,irregular,yes
Img_09239,Basophil,round,irregular,no
Img_09240,Neutrophil,round,segmented-multilobed,no
Img_09241,Eosinophil,round,segmented-bilobed,no
Img_09242,Neutrophil,round,unsegmented-band,no
Img_09243,Monocyte,irregular,unsegmented-indented,yes
Img_09244,Eosinophil,round,segmented-bilobed,no
Img_09245,Eosinophil,round,segmented-bilobed,no
Img_09246,Eosinophil,round,segmented-bilobed,no
Img_09247,Eosinophil,round,unsegmented-band,no
Img_09248,Eosinophil,round,segmented-bilobed,no
Img_09249,Neutrophil,irregular,unsegmented-band,no
Img_09250,Eosinophil,irregular,segmented-bilobed,no
Img_09251,Neutrophil,round,unsegmented-band,no
Img_09252,Neutrophil,round,unsegmented-band,no
Img_09253,Eosinophil,round,segmented-bilobed,no
Img_09254,Lymphocyte,round,unsegmented-round,no
Img_09255,Monocyte,irregular,irregular,yes
Img_09256,Eosinophil,round,segmented-bilobed,no
Img_09257,Monocyte,irregular,irregular,yes
Img_09258,Eosinophil,round,segmented-bilobed,no
Img_09259,Lymphocyte,irregular,unsegmented-round,no
Img_09260,Neutrophil,round,unsegmented-band,no
Img_09261,Basophil,round,irregular,no
Img_09262,Neutrophil,round,unsegmented-band,no
Img_09263,Neutrophil,round,unsegmented-band,no
Img_09264,Eosinophil,round,segmented-bilobed,no
Img_09265,Eosinophil,round,unsegmented-band,no
Img_09266,Monocyte,irregular,irregular,yes
Img_09267,Monocyte,round,unsegmented-indented,no
Img_09268,Neutrophil,round,unsegmented-band,no
Img_09269,Neutrophil,round,unsegmented-band,no
Img_09270,Basophil,irregular,irregular,no
Img_09271,Eosinophil,round,segmented-bilobed,no
Img_09272,Basophil,round,irregular,no
Img_09273,Eosinophil,round,unsegmented-band,no
Img_09274,Eosinophil,round,segmented-bilobed,no
Img_09275,Basophil,round,irregular,no
Img_09276,Monocyte,round,unsegmented-indented,no
Img_09277,Eosinophil,round,segmented-bilobed,no
Img_09278,Eosinophil,round,segmented-bilobed,no
Img_09279,Neutrophil,round,unsegmented-band,no
Img_09280,Basophil,round,irregular,no
Img_09281,Monocyte,irregular,irregular,yes
Img_09282,Neutrophil,round,unsegmented-band,no
Img_09283,Neutrophil,round,unsegmented-band,no
Img_09284,Basophil,round,irregular,no
Img_09285,Neutrophil,round,segmented-multilobed,no
Img_09286,Eosinophil,round,segmented-bilobed,no
Img_09287,Eosinophil,round,segmented-bilobed,no
Img_09288,Eosinophil,round,segmented-bilobed,no
Img_09289,Neutrophil,round,unsegmented-band,no
Img_09290,Neutrophil,round,unsegmented-band,no
Img_09291,Neutrophil,irregular,unsegmented-band,no
Img_09292,Neutrophil,round,unsegmented-band,no
Img_09293,Basophil,round,irregular,no
Img_09294,Eosinophil,round,unsegmented-indented,no
Img_09295,Eosinophil,round,segmented-bilobed,no
Img_09296,Neutrophil,round,segmented-multilobed,no
Img_09297,Neutrophil,round,unsegmented-band,no
Img_09298,Eosinophil,round,segmented-bilobed,no
Img_09299,Eosinophil,round,segmented-bilobed,no
Img_09300,Eosinophil,round,segmented-bilobed,no
Img_09301,Monocyte,irregular,irregular,yes
Img_09302,Neutrophil,round,unsegmented-band,no
Img_09303,Basophil,round,irregular,no
Img_09304,Basophil,round,irregular,no
Img_09305,Lymphocyte,irregular,unsegmented-round,no
Img_09306,Neutrophil,round,unsegmented-band,no
Img_09307,Neutrophil,round,unsegmented-band,no
Img_09308,Eosinophil,round,unsegmented-band,no
Img_09309,Eosinophil,round,segmented-bilobed,no
Img_09310,Monocyte,irregular,irregular,yes
Img_09311,Neutrophil,round,unsegmented-band,no
Img_09312,Neutrophil,round,unsegmented-band,no
Img_09313,Eosinophil,round,unsegmented-band,no
Img_09314,Monocyte,round,unsegmented-indented,no
Img_09315,Basophil,round,irregular,no
Img_09316,Eosinophil,round,segmented-bilobed,no
Img_09317,Neutrophil,round,unsegmented-band,no
Img_09318,Monocyte,round,unsegmented-indented,no
Img_09319,Basophil,round,irregular,no
Img_09320,Neutrophil,irregular,unsegmented-band,no
Img_09321,Basophil,round,irregular,no
Img_09322,Eosinophil,round,segmented-bilobed,no
Img_09323,Eosinophil,round,segmented-bilobed,no
Img_09324,Eosinophil,round,segmented-bilobed,no
Img_09325,Eosinophil,round,segmented-bilobed,no
Img_09326,Neutrophil,round,unsegmented-band,no
Img_09327,Monocyte,round,unsegmented-indented,no
Img_09328,Neutrophil,round,segmented-multilobed,no
Img_09329,Eosinophil,round,unsegmented-band,no
Img_09330,Neutrophil,irregular,unsegmented-band,no
Img_09331,Eosinophil,round,segmented-multilobed,no
Img_09332,Neutrophil,round,unsegmented-band,no
Img_09333,Eosinophil,round,segmented-bilobed,no
Img_09334,Monocyte,irregular,irregular,yes
Img_09335,Eosinophil,round,segmented-bilobed,no
Img_09336,Eosinophil,round,segmented-bilobed,no
Img_09337,Eosinophil,round,unsegmented-band,no
Img_09338,Lymphocyte,round,unsegmented-round,no
Img_09339,Basophil,round,irregular,no
Img_09340,Basophil,round,irregular,no
Img_09341,Eosinophil,round,segmented-multilobed,no
Img_09342,Eosinophil,round,segmented-bilobed,no
Img_09343,Monocyte,round,unsegmented-indented,no
Img_09344,Lymphocyte,round,unsegmented-round,no
Img_09345,Lymphocyte,round,unsegmented-round,no
Img_09346,Neutrophil,round,unsegmented-band,no
Img_09347,Eosinophil,round,segmented-bilobed,no
Img_09348,Basophil,irregular,irregular,no
Img_09349,Lymphocyte,round,unsegmented-round,no
Img_09350,Lymphocyte,round,unsegmented-round,no
Img_09351,Eosinophil,round,segmented-bilobed,no
Img_09352,Eosinophil,round,segmented-bilobed,no
Img_09353,Eosinophil,round,segmented-bilobed,no
Img_09354,Eosinophil,round,segmented-bilobed,no
Img_09355,Eosinophil,round,segmented-bilobed,no
Img_09356,Monocyte,round,unsegmented-indented,no
Img_09357,Neutrophil,round,unsegmented-band,no
Img_09358,Neutrophil,round,unsegmented-band,no
Img_09359,Neutrophil,round,unsegmented-band,no
Img_09360,Neutrophil,round,unsegmented-band,no
Img_09361,Monocyte,irregular,unsegmented-indented,yes
Img_09362,Eosinophil,round,segmented-multilobed,no
Img_09363,Eosinophil,round,segmented-bilobed,no
Img_09364,Neutrophil,round,unsegmented-band,no
Img_09365,Eosinophil,round,segmented-bilobed,no
Img_09366,Eosinophil,round,segmented-bilobed,no
Img_09367,Eosinophil,round,segmented-bilobed,no
Img_09368,Neutrophil,round,unsegmented-band,no
Img_09369,Eosinophil,round,segmented-bilobed,no
Img_09370,Lymphocyte,irregular,unsegmented-round,no
Img_09371,Monocyte,round,unsegmented-indented,yes
Img_09372,Eosinophil,round,segmented-bilobed,no
Img_09373,Neutrophil,round,segmented-multilobed,no
Img_09374,Neutrophil,irregular,unsegmented-band,yes
Img_09375,Basophil,round,irregular,no
Img_09376,Monocyte,round,unsegmented-indented,yes
Img_09377,Lymphocyte,round,unsegmented-round,no
Img_09378,Neutrophil,round,segmented-multilobed,no
Img_09379,Monocyte,irregular,unsegmented-indented,yes
Img_09380,Basophil,round,irregular,no
Img_09381,Neutrophil,round,unsegmented-band,no
Img_09382,Eosinophil,round,segmented-bilobed,no
Img_09383,Neutrophil,round,unsegmented-band,no
Img_09384,Basophil,round,irregular,no
Img_09385,Neutrophil,irregular,unsegmented-band,no
Img_09386,Eosinophil,round,segmented-bilobed,yes
Img_09387,Monocyte,round,unsegmented-indented,yes
Img_09388,Neutrophil,round,unsegmented-band,no
Img_09389,Eosinophil,round,segmented-bilobed,no
Img_09390,Basophil,round,irregular,no
Img_09391,Neutrophil,round,segmented-multilobed,no
Img_09392,Eosinophil,round,segmented-bilobed,no
Img_09393,Neutrophil,round,unsegmented-band,no
Img_09394,Monocyte,irregular,unsegmented-indented,yes
Img_09395,Neutrophil,round,unsegmented-band,no
Img_09396,Lymphocyte,round,unsegmented-round,no
Img_09397,Monocyte,irregular,irregular,yes
Img_09398,Eosinophil,round,segmented-bilobed,no
Img_09399,Eosinophil,round,segmented-multilobed,no
Img_09400,Neutrophil,round,unsegmented-band,no
Img_09401,Eosinophil,round,segmented-multilobed,no
Img_09402,Eosinophil,round,segmented-bilobed,no
Img_09403,Monocyte,irregular,irregular,yes
Img_09404,Basophil,irregular,irregular,no
Img_09405,Lymphocyte,round,unsegmented-round,no
Img_09406,Neutrophil,round,unsegmented-band,no
Img_09407,Monocyte,round,unsegmented-indented,no
Img_09408,Neutrophil,round,unsegmented-band,no
Img_09409,Eosinophil,round,segmented-bilobed,no
Img_09410,Eosinophil,round,unsegmented-band,no
Img_09411,Basophil,round,irregular,no
Img_09412,Eosinophil,round,segmented-bilobed,no
Img_09413,Monocyte,round,unsegmented-indented,yes
Img_09414,Neutrophil,irregular,unsegmented-band,no
Img_09415,Eosinophil,round,segmented-multilobed,no
Img_09416,Eosinophil,round,segmented-bilobed,no
Img_09417,Monocyte,round,unsegmented-indented,yes
Img_09418,Eosinophil,round,segmented-bilobed,no
Img_09419,Basophil,round,irregular,no
Img_09420,Neutrophil,round,unsegmented-band,no
Img_09421,Neutrophil,round,unsegmented-band,no
Img_09422,Eosinophil,round,segmented-bilobed,no
Img_09423,Eosinophil,round,segmented-bilobed,no
Img_09424,Eosinophil,round,segmented-bilobed,no
Img_09425,Eosinophil,round,segmented-bilobed,no
Img_09426,Neutrophil,round,unsegmented-band,no
Img_09427,Neutrophil,round,unsegmented-band,no
Img_09428,Lymphocyte,irregular,unsegmented-round,no
Img_09429,Basophil,round,irregular,no
Img_09430,Neutrophil,round,unsegmented-band,no
Img_09431,Monocyte,irregular,unsegmented-indented,yes
Img_09432,Eosinophil,round,segmented-bilobed,no
Img_09433,Eosinophil,round,segmented-multilobed,no
Img_09434,Neutrophil,round,unsegmented-band,no
Img_09435,Eosinophil,round,segmented-bilobed,no
Img_09436,Lymphocyte,irregular,unsegmented-round,no
Img_09437,Eosinophil,round,segmented-bilobed,no
Img_09438,Neutrophil,round,unsegmented-band,no
Img_09439,Eosinophil,round,segmented-bilobed,no
Img_09440,Neutrophil,round,unsegmented-band,no
Img_09441,Lymphocyte,round,unsegmented-round,no
Img_09442,Eosinophil,irregular,segmented-multilobed,no
Img_09443,Monocyte,irregular,irregular,yes
Img_09444,Basophil,round,irregular,no
Img_09445,Monocyte,round,unsegmented-indented,no
Img_09446,Neutrophil,round,unsegmented-band,no
Img_09447,Monocyte,irregular,unsegmented-indented,yes
Img_09448,Basophil,round,irregular,no
Img_09449,Lymphocyte,round,unsegmented-round,no
Img_09450,Monocyte,round,unsegmented-indented,yes
Img_09451,Eosinophil,round,segmented-bilobed,no
Img_09452,Neutrophil,round,unsegmented-band,no
Img_09453,Eosinophil,round,segmented-bilobed,no
Img_09454,Monocyte,irregular,unsegmented-indented,yes
Img_09455,Eosinophil,round,segmented-bilobed,no
Img_09456,Neutrophil,round,segmented-multilobed,no
Img_09457,Eosinophil,round,unsegmented-band,no
Img_09458,Lymphocyte,round,unsegmented-round,no
Img_09459,Lymphocyte,round,unsegmented-round,no
Img_09460,Basophil,round,irregular,no
Img_09461,Neutrophil,round,unsegmented-band,no
Img_09462,Eosinophil,round,segmented-multilobed,no
Img_09463,Lymphocyte,round,unsegmented-round,no
Img_09464,Eosinophil,round,segmented-bilobed,no
Img_09465,Monocyte,irregular,unsegmented-indented,yes
Img_09466,Eosinophil,round,segmented-bilobed,no
Img_09467,Eosinophil,round,segmented-bilobed,no
Img_09468,Eosinophil,round,segmented-bilobed,no
Img_09469,Monocyte,round,unsegmented-indented,no
Img_09470,Monocyte,round,unsegmented-indented,no
Img_09471,Eosinophil,round,segmented-bilobed,no
Img_09472,Neutrophil,round,unsegmented-band,no
Img_09473,Neutrophil,round,unsegmented-band,no
Img_09474,Eosinophil,round,segmented-bilobed,no
Img_09475,Lymphocyte,round,unsegmented-round,no
Img_09476,Neutrophil,irregular,unsegmented-band,no
Img_09477,Eosinophil,round,segmented-bilobed,no
Img_09478,Monocyte,irregular,irregular,yes
Img_09479,Basophil,irregular,irregular,no
Img_09480,Monocyte,round,unsegmented-indented,no
Img_09481,Lymphocyte,round,unsegmented-round,no
Img_09482,Monocyte,irregular,unsegmented-indented,yes
Img_09483,Neutrophil,irregular,unsegmented-band,no
Img_09484,Monocyte,round,unsegmented-indented,no
Img_09485,Eosinophil,round,segmented-bilobed,no
Img_09486,Neutrophil,irregular,unsegmented-band,no
Img_09487,Neutrophil,irregular,segmented-multilobed,no
Img_09488,Basophil,round,irregular,no
Img_09489,Eosinophil,round,segmented-bilobed,no
Img_09490,Neutrophil,round,unsegmented-band,no
Img_09491,Monocyte,round,unsegmented-indented,no
Img_09492,Neutrophil,round,unsegmented-band,no
Img_09493,Basophil,round,irregular,no
Img_09494,Neutrophil,irregular,unsegmented-band,no
Img_09495,Neutrophil,round,unsegmented-band,no
Img_09496,Neutrophil,round,unsegmented-band,no
Img_09497,Neutrophil,irregular,segmented-multilobed,no
Img_09498,Eosinophil,round,segmented-bilobed,no
Img_09499,Eosinophil,round,segmented-multilobed,no
Img_09500,Neutrophil,round,unsegmented-band,no
Img_09501,Basophil,round,irregular,no
Img_09502,Eosinophil,round,segmented-bilobed,no
Img_09503,Eosinophil,round,segmented-bilobed,no
Img_09504,Eosinophil,round,segmented-bilobed,no
Img_09505,Eosinophil,round,segmented-bilobed,no
Img_09506,Neutrophil,round,unsegmented-band,no
Img_09507,Lymphocyte,irregular,unsegmented-round,no
Img_09508,Monocyte,irregular,unsegmented-indented,yes
Img_09509,Eosinophil,round,segmented-bilobed,no
Img_09510,Basophil,round,irregular,no
Img_09511,Eosinophil,round,segmented-multilobed,no
Img_09512,Neutrophil,irregular,unsegmented-band,no
Img_09513,Neutrophil,irregular,unsegmented-band,no
Img_09514,Neutrophil,round,unsegmented-band,no
Img_09515,Neutrophil,round,unsegmented-band,no
Img_09516,Monocyte,irregular,unsegmented-indented,yes
Img_09517,Eosinophil,round,unsegmented-band,no
Img_09518,Neutrophil,irregular,unsegmented-band,yes
Img_09519,Neutrophil,round,unsegmented-band,no
Img_09520,Lymphocyte,irregular,unsegmented-round,no
Img_09521,Eosinophil,round,segmented-bilobed,no
Img_09522,Basophil,round,irregular,no
Img_09523,Eosinophil,round,segmented-bilobed,no
Img_09524,Eosinophil,round,segmented-bilobed,no
Img_09525,Lymphocyte,irregular,unsegmented-round,no
Img_09526,Neutrophil,round,unsegmented-band,no
Img_09527,Neutrophil,round,unsegmented-band,no
Img_09528,Neutrophil,round,unsegmented-band,no
Img_09529,Eosinophil,round,segmented-bilobed,no
Img_09530,Basophil,round,irregular,no
Img_09531,Monocyte,irregular,irregular,yes
Img_09532,Monocyte,round,unsegmented-indented,yes
Img_09533,Basophil,round,irregular,no
Img_09534,Lymphocyte,irregular,unsegmented-round,no
Img_09535,Neutrophil,irregular,unsegmented-band,no
Img_09536,Neutrophil,irregular,unsegmented-band,no
Img_09537,Eosinophil,irregular,segmented-multilobed,yes
Img_09538,Basophil,round,irregular,no
Img_09539,Neutrophil,round,unsegmented-band,no
Img_09540,Basophil,round,irregular,no
Img_09541,Neutrophil,round,unsegmented-band,no
Img_09542,Lymphocyte,round,unsegmented-round,no
Img_09543,Monocyte,irregular,unsegmented-indented,no
Img_09544,Eosinophil,round,segmented-bilobed,no
Img_09545,Basophil,round,irregular,no
Img_09546,Neutrophil,round,unsegmented-band,no
Img_09547,Lymphocyte,round,unsegmented-round,no
Img_09548,Neutrophil,round,unsegmented-band,no
Img_09549,Neutrophil,round,unsegmented-band,no
Img_09550,Lymphocyte,irregular,unsegmented-round,no
Img_09551,Eosinophil,round,segmented-bilobed,no
Img_09552,Monocyte,round,unsegmented-indented,no
Img_09553,Monocyte,irregular,irregular,yes
Img_09554,Eosinophil,round,segmented-multilobed,no
Img_09555,Basophil,round,irregular,no
Img_09556,Eosinophil,round,segmented-bilobed,no
Img_09557,Eosinophil,round,segmented-bilobed,no
Img_09558,Neutrophil,round,unsegmented-band,no
Img_09559,Neutrophil,round,segmented-multilobed,no
Img_09560,Monocyte,irregular,irregular,yes
Img_09561,Neutrophil,round,unsegmented-band,no
Img_09562,Eosinophil,round,segmented-bilobed,no
Img_09563,Neutrophil,round,unsegmented-band,no
Img_09564,Basophil,irregular,irregular,no
Img_09565,Neutrophil,round,unsegmented-band,no
Img_09566,Eosinophil,round,segmented-multilobed,no
Img_09567,Neutrophil,round,unsegmented-band,yes
Img_09568,Neutrophil,round,unsegmented-band,no
Img_09569,Eosinophil,round,unsegmented-band,no
Img_09570,Eosinophil,round,segmented-bilobed,no
Img_09571,Lymphocyte,round,unsegmented-round,no
Img_09572,Lymphocyte,round,unsegmented-round,no
Img_09573,Eosinophil,round,segmented-bilobed,no
Img_09574,Eosinophil,irregular,segmented-multilobed,no
Img_09575,Neutrophil,irregular,unsegmented-band,no
Img_09576,Eosinophil,round,segmented-bilobed,no
Img_09577,Neutrophil,round,unsegmented-band,no
Img_09578,Neutrophil,round,unsegmented-band,no
Img_09579,Basophil,round,irregular,no
Img_09580,Neutrophil,round,segmented-multilobed,no
Img_09581,Eosinophil,round,unsegmented-band,no
Img_09582,Monocyte,round,unsegmented-indented,no
Img_09583,Lymphocyte,round,unsegmented-round,no
Img_09584,Eosinophil,round,segmented-bilobed,no
Img_09585,Neutrophil,round,unsegmented-band,no
Img_09586,Lymphocyte,irregular,unsegmented-round,no
Img_09587,Neutrophil,round,unsegmented-band,no
Img_09588,Eosinophil,round,segmented-bilobed,no
Img_09589,Eosinophil,round,segmented-bilobed,no
Img_09590,Eosinophil,round,segmented-bilobed,no
Img_09591,Eosinophil,round,segmented-bilobed,no
Img_09592,Lymphocyte,round,unsegmented-round,no
Img_09593,Neutrophil,round,unsegmented-band,no
Img_09594,Eosinophil,round,segmented-bilobed,no
Img_09595,Eosinophil,irregular,segmented-multilobed,no
Img_09596,Lymphocyte,irregular,unsegmented-round,no
Img_09597,Basophil,round,irregular,no
Img_09598,Neutrophil,round,unsegmented-band,no
Img_09599,Neutrophil,round,unsegmented-band,no
Img_09600,Eosinophil,round,unsegmented-band,no
Img_09601,Eosinophil,round,segmented-bilobed,no
Img_09602,Eosinophil,round,unsegmented-band,no
Img_09603,Monocyte,round,unsegmented-indented,no
Img_09604,Eosinophil,round,unsegmented-band,no
Img_09605,Eosinophil,round,segmented-bilobed,no
Img_09606,Neutrophil,round,segmented-multilobed,no
Img_09607,Monocyte,round,unsegmented-indented,no
Img_09608,Neutrophil,round,unsegmented-band,no
Img_09609,Eosinophil,round,segmented-bilobed,no
Img_09610,Eosinophil,round,unsegmented-band,no
Img_09611,Monocyte,irregular,unsegmented-indented,yes
Img_09612,Monocyte,irregular,unsegmented-indented,yes
Img_09613,Lymphocyte,round,unsegmented-round,no
Img_09614,Basophil,round,irregular,no
Img_09615,Neutrophil,round,segmented-multilobed,no
Img_09616,Eosinophil,round,segmented-bilobed,no
Img_09617,Basophil,round,irregular,no
Img_09618,Neutrophil,round,unsegmented-band,no
Img_09619,Eosinophil,round,segmented-bilobed,no
Img_09620,Monocyte,round,unsegmented-indented,no
Img_09621,Eosinophil,irregular,unsegmented-band,yes
Img_09622,Lymphocyte,irregular,unsegmented-round,no
Img_09623,Neutrophil,round,unsegmented-band,no
Img_09624,Monocyte,round,unsegmented-indented,no
Img_09625,Eosinophil,round,segmented-bilobed,no
Img_09626,Neutrophil,irregular,unsegmented-band,no
Img_09627,Lymphocyte,round,unsegmented-round,no
Img_09628,Monocyte,irregular,irregular,yes
Img_09629,Eosinophil,round,unsegmented-band,no
Img_09630,Eosinophil,round,segmented-bilobed,no
Img_09631,Neutrophil,round,unsegmented-band,no
Img_09632,Lymphocyte,round,unsegmented-round,no
Img_09633,Eosinophil,round,segmented-bilobed,no
Img_09634,Basophil,round,irregular,no
Img_09635,Neutrophil,round,unsegmented-band,no
Img_09636,Eosinophil,round,segmented-bilobed,no
Img_09637,Eosinophil,round,segmented-bilobed,no
Img_09638,Neutrophil,round,unsegmented-band,no
Img_09639,Eosinophil,round,segmented-bilobed,no
Img_09640,Monocyte,round,unsegmented-indented,yes
Img_09641,Eosinophil,round,segmented-bilobed,no
Img_09642,Monocyte,irregular,unsegmented-indented,yes
Img_09643,Eosinophil,round,segmented-bilobed,no
Img_09644,Basophil,round,irregular,no
Img_09645,Eosinophil,round,unsegmented-indented,no
Img_09646,Neutrophil,round,unsegmented-band,no
Img_09647,Eosinophil,round,segmented-bilobed,no
Img_09648,Neutrophil,irregular,segmented-multilobed,no
Img_09649,Eosinophil,round,segmented-bilobed,no
Img_09650,Neutrophil,round,segmented-multilobed,no
Img_09651,Lymphocyte,round,unsegmented-round,no
Img_09652,Monocyte,round,unsegmented-indented,no
Img_09653,Neutrophil,round,unsegmented-band,no
Img_09654,Eosinophil,round,segmented-bilobed,no
Img_09655,Eosinophil,round,segmented-bilobed,no
Img_09656,Eosinophil,round,segmented-bilobed,no
Img_09657,Lymphocyte,round,unsegmented-round,no
Img_09658,Monocyte,irregular,irregular,yes
Img_09659,Lymphocyte,irregular,unsegmented-round,no
Img_09660,Lymphocyte,round,unsegmented-round,no
Img_09661,Eosinophil,round,segmented-bilobed,no
Img_09662,Neutrophil,round,unsegmented-band,yes
Img_09663,Neutrophil,round,unsegmented-band,no
Img_09664,Lymphocyte,round,unsegmented-round,no
Img_09665,Eosinophil,round,segmented-bilobed,no
Img_09666,Lymphocyte,round,unsegmented-round,no
Img_09667,Neutrophil,round,unsegmented-band,no
Img_09668,Eosinophil,round,segmented-bilobed,no
Img_09669,Eosinophil,round,segmented-bilobed,no
Img_09670,Neutrophil,round,unsegmented-band,no
Img_09671,Basophil,round,irregular,no
Img_09672,Neutrophil,round,unsegmented-band,no
Img_09673,Neutrophil,round,unsegmented-band,no
Img_09674,Neutrophil,round,segmented-multilobed,no
Img_09675,Eosinophil,round,unsegmented-band,yes
Img_09676,Neutrophil,round,unsegmented-band,yes
Img_09677,Neutrophil,irregular,unsegmented-band,no
Img_09678,Eosinophil,round,segmented-bilobed,no
Img_09679,Eosinophil,round,segmented-bilobed,no
Img_09680,Neutrophil,irregular,segmented-multilobed,no
Img_09681,Neutrophil,round,unsegmented-band,no
Img_09682,Lymphocyte,round,unsegmented-round,no
Img_09683,Neutrophil,round,unsegmented-band,no
Img_09684,Lymphocyte,round,unsegmented-round,no
Img_09685,Basophil,round,irregular,no
Img_09686,Monocyte,irregular,unsegmented-indented,yes
Img_09687,Lymphocyte,round,unsegmented-round,no
Img_09688,Basophil,round,irregular,no
Img_09689,Neutrophil,round,unsegmented-band,no
Img_09690,Neutrophil,round,unsegmented-band,no
Img_09691,Eosinophil,round,segmented-bilobed,no
Img_09692,Eosinophil,round,segmented-multilobed,no
Img_09693,Lymphocyte,round,unsegmented-round,no
Img_09694,Neutrophil,round,unsegmented-band,no
Img_09695,Monocyte,round,unsegmented-indented,no
Img_09696,Basophil,round,irregular,no
Img_09697,Lymphocyte,round,unsegmented-round,no
Img_09698,Monocyte,irregular,irregular,yes
Img_09699,Neutrophil,round,unsegmented-band,no
Img_09700,Neutrophil,round,unsegmented-band,no
Img_09701,Basophil,round,irregular,no
Img_09702,Eosinophil,round,segmented-bilobed,no
Img_09703,Lymphocyte,round,unsegmented-round,no
Img_09704,Eosinophil,round,segmented-bilobed,no
Img_09705,Eosinophil,round,segmented-multilobed,no
Img_09706,Neutrophil,round,unsegmented-band,no
Img_09707,Eosinophil,round,segmented-bilobed,no
Img_09708,Neutrophil,irregular,segmented-multilobed,no
Img_09709,Monocyte,irregular,irregular,yes
Img_09710,Neutrophil,round,unsegmented-band,no
Img_09711,Eosinophil,round,segmented-bilobed,no
Img_09712,Lymphocyte,round,unsegmented-round,no
Img_09713,Lymphocyte,irregular,unsegmented-round,no
Img_09714,Eosinophil,round,segmented-bilobed,no
Img_09715,Monocyte,round,unsegmented-indented,no
Img_09716,Eosinophil,round,segmented-bilobed,no
Img_09717,Neutrophil,round,unsegmented-band,no
Img_09718,Eosinophil,round,segmented-bilobed,no
Img_09719,Eosinophil,round,segmented-bilobed,no
Img_09720,Monocyte,irregular,irregular,yes
Img_09721,Neutrophil,round,unsegmented-band,no
Img_09722,Lymphocyte,round,unsegmented-round,no
Img_09723,Basophil,round,irregular,no
Img_09724,Neutrophil,irregular,segmented-multilobed,no
Img_09725,Neutrophil,round,unsegmented-band,no
Img_09726,Lymphocyte,round,unsegmented-round,no
Img_09727,Eosinophil,round,segmented-bilobed,no
Img_09728,Eosinophil,round,segmented-bilobed,no
Img_09729,Eosinophil,irregular,segmented-multilobed,no
Img_09730,Eosinophil,round,segmented-bilobed,no
Img_09731,Neutrophil,round,unsegmented-band,no
Img_09732,Lymphocyte,round,unsegmented-round,no
Img_09733,Neutrophil,round,unsegmented-band,no
Img_09734,Basophil,round,irregular,no
Img_09735,Monocyte,round,unsegmented-indented,no
Img_09736,Eosinophil,round,unsegmented-band,no
Img_09737,Eosinophil,round,segmented-bilobed,no
Img_09738,Neutrophil,round,unsegmented-band,no
Img_09739,Lymphocyte,round,unsegmented-round,no
Img_09740,Monocyte,round,unsegmented-indented,no
Img_09741,Neutrophil,round,unsegmented-band,no
Img_09742,Lymphocyte,round,unsegmented-round,no
Img_09743,Neutrophil,round,unsegmented-band,no
Img_09744,Monocyte,irregular,unsegmented-indented,yes
Img_09745,Monocyte,irregular,irregular,yes
Img_09746,Lymphocyte,round,unsegmented-round,no
Img_09747,Basophil,round,irregular,no
Img_09748,Neutrophil,irregular,segmented-multilobed,no
Img_09749,Eosinophil,round,segmented-bilobed,no
Img_09750,Lymphocyte,irregular,unsegmented-round,no
Img_09751,Basophil,round,unsegmented-round,no
Img_09752,Eosinophil,round,unsegmented-band,no
Img_09753,Basophil,round,irregular,no
Img_09754,Lymphocyte,round,unsegmented-round,no
Img_09755,Neutrophil,round,unsegmented-band,no
Img_09756,Lymphocyte,round,unsegmented-round,no
Img_09757,Neutrophil,irregular,unsegmented-band,no
Img_09758,Eosinophil,round,segmented-bilobed,no
Img_09759,Neutrophil,round,unsegmented-band,no
Img_09760,Basophil,round,irregular,no
Img_09761,Monocyte,round,unsegmented-indented,no
Img_09762,Monocyte,round,unsegmented-indented,no
Img_09763,Eosinophil,round,segmented-bilobed,no
Img_09764,Monocyte,round,unsegmented-indented,no
Img_09765,Neutrophil,round,unsegmented-band,no
Img_09766,Neutrophil,round,unsegmented-band,no
Img_09767,Lymphocyte,irregular,unsegmented-round,no
Img_09768,Neutrophil,round,unsegmented-band,no
Img_09769,Neutrophil,irregular,unsegmented-band,yes
Img_09770,Eosinophil,round,segmented-bilobed,no
Img_09771,Neutrophil,round,segmented-multilobed,no
Img_09772,Monocyte,irregular,unsegmented-indented,yes
Img_09773,Lymphocyte,round,unsegmented-round,no
Img_09774,Eosinophil,round,segmented-bilobed,no
Img_09775,Neutrophil,round,unsegmented-band,no
Img_09776,Lymphocyte,round,unsegmented-round,no
Img_09777,Neutrophil,round,unsegmented-band,no
Img_09778,Eosinophil,round,segmented-bilobed,no
Img_09779,Lymphocyte,round,unsegmented-round,no
Img_09780,Neutrophil,round,unsegmented-band,no
Img_09781,Basophil,round,irregular,no
Img_09782,Monocyte,irregular,unsegmented-indented,yes
Img_09783,Eosinophil,round,segmented-bilobed,no
Img_09784,Neutrophil,round,unsegmented-band,no
Img_09785,Neutrophil,round,unsegmented-band,no
Img_09786,Lymphocyte,round,unsegmented-round,no
Img_09787,Monocyte,round,unsegmented-indented,yes
Img_09788,Basophil,round,irregular,no
Img_09789,Lymphocyte,round,unsegmented-round,no
Img_09790,Neutrophil,irregular,unsegmented-band,no
Img_09791,Eosinophil,round,unsegmented-band,no
Img_09792,Neutrophil,round,unsegmented-band,no
Img_09793,Neutrophil,round,unsegmented-band,no
Img_09794,Eosinophil,round,segmented-bilobed,no
Img_09795,Basophil,round,irregular,no
Img_09796,Eosinophil,round,segmented-bilobed,no
Img_09797,Neutrophil,round,unsegmented-band,no
Img_09798,Monocyte,round,unsegmented-indented,no
Img_09799,Basophil,round,irregular,no
Img_09800,Monocyte,irregular,unsegmented-indented,yes
Img_09801,Eosinophil,round,segmented-multilobed,no
Img_09802,Monocyte,irregular,unsegmented-indented,yes
Img_09803,Lymphocyte,round,unsegmented-round,no
Img_09804,Lymphocyte,round,unsegmented-round,no
Img_09805,Neutrophil,round,unsegmented-band,no
Img_09806,Neutrophil,round,segmented-multilobed,no
Img_09807,Neutrophil,irregular,unsegmented-band,no
Img_09808,Eosinophil,round,segmented-bilobed,no
Img_09809,Eosinophil,round,segmented-bilobed,no
Img_09810,Lymphocyte,irregular,unsegmented-round,no
Img_09811,Neutrophil,irregular,unsegmented-band,no
Img_09812,Neutrophil,round,unsegmented-band,no
Img_09813,Basophil,round,irregular,no
Img_09814,Lymphocyte,round,unsegmented-round,no
Img_09815,Eosinophil,round,segmented-bilobed,no
Img_09816,Neutrophil,round,unsegmented-band,no
Img_09817,Monocyte,irregular,unsegmented-indented,yes
Img_09818,Lymphocyte,irregular,unsegmented-round,no
Img_09819,Neutrophil,irregular,unsegmented-band,no
Img_09820,Monocyte,round,unsegmented-indented,yes
Img_09821,Basophil,round,irregular,no
Img_09822,Lymphocyte,round,unsegmented-round,no
Img_09823,Lymphocyte,irregular,unsegmented-round,no
Img_09824,Eosinophil,round,segmented-bilobed,no
Img_09825,Neutrophil,round,unsegmented-band,no
Img_09826,Eosinophil,round,segmented-bilobed,no
Img_09827,Eosinophil,round,segmented-multilobed,no
Img_09828,Eosinophil,round,unsegmented-band,no
Img_09829,Eosinophil,round,segmented-bilobed,no
Img_09830,Monocyte,irregular,irregular,yes
Img_09831,Monocyte,round,unsegmented-indented,no
Img_09832,Neutrophil,round,segmented-multilobed,no
Img_09833,Basophil,round,irregular,no
Img_09834,Basophil,round,irregular,no
Img_09835,Eosinophil,round,segmented-bilobed,no
Img_09836,Eosinophil,round,segmented-bilobed,no
Img_09837,Eosinophil,round,segmented-bilobed,no
Img_09838,Monocyte,irregular,unsegmented-indented,yes
Img_09839,Eosinophil,round,segmented-bilobed,no
Img_09840,Eosinophil,round,segmented-bilobed,no
Img_09841,Eosinophil,round,segmented-multilobed,no
Img_09842,Lymphocyte,round,unsegmented-round,no
Img_09843,Eosinophil,round,segmented-bilobed,no
Img_09844,Eosinophil,round,segmented-bilobed,no
Img_09845,Neutrophil,round,unsegmented-band,no
Img_09846,Lymphocyte,round,unsegmented-round,no
Img_09847,Basophil,round,irregular,no
Img_09848,Eosinophil,round,segmented-bilobed,no
Img_09849,Eosinophil,round,segmented-bilobed,no
Img_09850,Basophil,round,irregular,no
Img_09851,Monocyte,irregular,irregular,yes
Img_09852,Eosinophil,round,segmented-bilobed,no
Img_09853,Eosinophil,round,segmented-bilobed,no
Img_09854,Neutrophil,irregular,unsegmented-band,no
Img_09855,Eosinophil,round,segmented-bilobed,no
Img_09856,Lymphocyte,round,unsegmented-round,no
Img_09857,Eosinophil,round,segmented-bilobed,no
Img_09858,Monocyte,round,unsegmented-indented,no
Img_09859,Lymphocyte,round,unsegmented-round,no
Img_09860,Eosinophil,round,segmented-bilobed,no
Img_09861,Neutrophil,round,unsegmented-band,no
Img_09862,Neutrophil,round,unsegmented-band,no
Img_09863,Lymphocyte,irregular,unsegmented-indented,no
Img_09864,Eosinophil,round,segmented-bilobed,no
Img_09865,Lymphocyte,round,unsegmented-round,no
Img_09866,Lymphocyte,irregular,unsegmented-round,no
Img_09867,Lymphocyte,round,unsegmented-round,no
Img_09868,Neutrophil,round,unsegmented-band,no
Img_09869,Eosinophil,round,segmented-bilobed,no
Img_09870,Neutrophil,round,unsegmented-band,no
Img_09871,Eosinophil,round,segmented-bilobed,no
Img_09872,Lymphocyte,round,unsegmented-round,no
Img_09873,Eosinophil,round,segmented-bilobed,no
Img_09874,Eosinophil,round,segmented-bilobed,no
Img_09875,Lymphocyte,round,unsegmented-round,no
Img_09876,Eosinophil,round,segmented-bilobed,no
Img_09877,Neutrophil,round,unsegmented-band,no
Img_09878,Monocyte,irregular,unsegmented-indented,yes
Img_09879,Eosinophil,round,segmented-multilobed,no
Img_09880,Neutrophil,irregular,unsegmented-band,no
Img_09881,Monocyte,round,unsegmented-indented,no
Img_09882,Lymphocyte,irregular,unsegmented-round,no
Img_09883,Eosinophil,round,segmented-bilobed,no
Img_09884,Eosinophil,round,segmented-bilobed,no
Img_09885,Neutrophil,round,unsegmented-band,no
Img_09886,Lymphocyte,irregular,unsegmented-round,no
Img_09887,Eosinophil,round,segmented-bilobed,no
Img_09888,Neutrophil,round,segmented-multilobed,no
Img_09889,Basophil,round,irregular,no
Img_09890,Neutrophil,round,segmented-multilobed,no
Img_09891,Eosinophil,round,segmented-bilobed,no
Img_09892,Lymphocyte,irregular,unsegmented-round,no
Img_09893,Neutrophil,irregular,unsegmented-band,no
Img_09894,Eosinophil,round,segmented-bilobed,no
Img_09895,Monocyte,irregular,irregular,yes
Img_09896,Eosinophil,round,segmented-bilobed,no
Img_09897,Neutrophil,round,unsegmented-band,no
Img_09898,Eosinophil,round,segmented-bilobed,no
Img_09899,Eosinophil,round,segmented-bilobed,no
Img_09900,Basophil,round,irregular,no
Img_09901,Monocyte,round,unsegmented-indented,no
Img_09902,Neutrophil,irregular,segmented-multilobed,no
Img_09903,Eosinophil,round,segmented-bilobed,no
Img_09904,Neutrophil,irregular,irregular,yes
Img_09905,Neutrophil,round,unsegmented-band,no
Img_09906,Neutrophil,irregular,unsegmented-band,no
Img_09907,Neutrophil,round,unsegmented-band,no
Img_09908,Neutrophil,round,unsegmented-band,no
Img_09909,Neutrophil,irregular,segmented-multilobed,no
Img_09910,Basophil,round,irregular,no
Img_09911,Lymphocyte,irregular,unsegmented-round,no
Img_09912,Basophil,round,irregular,no
Img_09913,Lymphocyte,irregular,unsegmented-round,no
Img_09914,Monocyte,irregular,unsegmented-indented,yes
Img_09915,Neutrophil,irregular,unsegmented-band,no
Img_09916,Neutrophil,round,segmented-multilobed,no
Img_09917,Neutrophil,irregular,segmented-multilobed,no
Img_09918,Neutrophil,irregular,unsegmented-band,no
Img_09919,Eosinophil,round,segmented-bilobed,no
Img_09920,Basophil,round,irregular,no
Img_09921,Eosinophil,round,segmented-bilobed,no
Img_09922,Neutrophil,irregular,segmented-multilobed,no
Img_09923,Neutrophil,irregular,segmented-multilobed,no
Img_09924,Eosinophil,round,segmented-bilobed,no
Img_09925,Monocyte,irregular,unsegmented-indented,yes
Img_09926,Basophil,round,irregular,no
Img_09927,Neutrophil,round,unsegmented-band,no
Img_09928,Eosinophil,round,segmented-bilobed,no
Img_09929,Eosinophil,round,segmented-bilobed,no
Img_09930,Lymphocyte,round,unsegmented-round,no
Img_09931,Eosinophil,round,segmented-bilobed,no
Img_09932,Lymphocyte,round,unsegmented-round,no
Img_09933,Monocyte,round,unsegmented-indented,no
Img_09934,Eosinophil,round,segmented-bilobed,no
Img_09935,Monocyte,irregular,unsegmented-indented,yes
Img_09936,Neutrophil,round,unsegmented-band,no
Img_09937,Neutrophil,irregular,unsegmented-band,no
Img_09938,Neutrophil,round,unsegmented-band,no
Img_09939,Eosinophil,round,segmented-bilobed,no
Img_09940,Basophil,round,irregular,no
Img_09941,Basophil,round,irregular,no
Img_09942,Monocyte,irregular,unsegmented-indented,yes
Img_09943,Neutrophil,round,unsegmented-band,no
Img_09944,Eosinophil,round,segmented-bilobed,no
Img_09945,Neutrophil,round,unsegmented-band,no
Img_09946,Eosinophil,round,unsegmented-band,no
Img_09947,Neutrophil,irregular,segmented-multilobed,no
Img_09948,Lymphocyte,irregular,unsegmented-round,no
Img_09949,Monocyte,irregular,irregular,yes
Img_09950,Neutrophil,irregular,segmented-multilobed,no
Img_09951,Neutrophil,round,unsegmented-band,no
Img_09952,Neutrophil,round,unsegmented-band,no
Img_09953,Basophil,round,irregular,no
Img_09954,Neutrophil,round,unsegmented-band,no
Img_09955,Monocyte,round,unsegmented-indented,yes
Img_09956,Neutrophil,round,unsegmented-band,no
Img_09957,Lymphocyte,round,unsegmented-round,no
Img_09958,Eosinophil,round,segmented-multilobed,no
Img_09959,Basophil,round,irregular,no
Img_09960,Neutrophil,round,unsegmented-band,no
Img_09961,Neutrophil,round,unsegmented-band,no
Img_09962,Lymphocyte,round,unsegmented-round,no
Img_09963,Basophil,round,irregular,no
Img_09964,Neutrophil,irregular,unsegmented-band,no
Img_09965,Eosinophil,round,segmented-bilobed,no
Img_09966,Neutrophil,irregular,segmented-multilobed,no
Img_09967,Eosinophil,round,segmented-multilobed,no
Img_09968,Neutrophil,round,unsegmented-band,no
Img_09969,Neutrophil,round,unsegmented-band,no
Img_09970,Neutrophil,round,unsegmented-band,no
Img_09971,Neutrophil,round,unsegmented-band,no
Img_09972,Neutrophil,round,unsegmented-band,no
Img_09973,Lymphocyte,irregular,unsegmented-round,no
Img_09974,Neutrophil,round,unsegmented-band,no
Img_09975,Eosinophil,round,segmented-bilobed,no
Img_09976,Neutrophil,round,unsegmented-band,no
Img_09977,Neutrophil,round,unsegmented-band,no
Img_09978,Eosinophil,round,segmented-bilobed,no
Img_09979,Monocyte,round,unsegmented-indented,no
Img_09980,Neutrophil,round,unsegmented-band,no
Img_09981,Neutrophil,round,unsegmented-band,no
Img_09982,Neutrophil,round,unsegmented-band,no
Img_09983,Eosinophil,round,unsegmented-band,no
Img_09984,Basophil,round,irregular,no
Img_09985,Basophil,round,irregular,no
Img_09986,Neutrophil,round,unsegmented-band,no
Img_09987,Neutrophil,round,unsegmented-band,no
Img_09988,Lymphocyte,round,unsegmented-indented,no
Img_09989,Eosinophil,round,segmented-bilobed,no
Img_09990,Neutrophil,irregular,unsegmented-band,no
Img_09991,Eosinophil,round,segmented-bilobed,no
Img_09992,Lymphocyte,round,unsegmented-round,no
Img_09993,Eosinophil,round,segmented-bilobed,no
Img_09994,Neutrophil,round,unsegmented-band,no
Img_09995,Neutrophil,round,unsegmented-band,no
Img_09996,Eosinophil,round,segmented-bilobed,no
Img_09997,Eosinophil,round,segmented-bilobed,no
Img_09998,Monocyte,irregular,irregular,yes
Img_09999,Eosinophil,irregular,segmented-bilobed,no
Img_10000,Lymphocyte,round,unsegmented-round,no
Img_10001,Eosinophil,round,segmented-bilobed,no
Img_10002,Neutrophil,round,unsegmented-band,no
Img_10003,Monocyte,irregular,irregular,yes
Img_10004,Neutrophil,round,unsegmented-band,no
Img_10005,Neutrophil,round,unsegmented-band,no
Img_10006,Basophil,irregular,irregular,no
Img_10007,Eosinophil,round,segmented-bilobed,no
Img_10008,Lymphocyte,round,unsegmented-round,no
Img_10009,Basophil,round,irregular,no
Img_10010,Eosinophil,round,segmented-bilobed,no
Img_10011,Neutrophil,irregular,segmented-multilobed,no
Img_10012,Eosinophil,round,segmented-bilobed,no
Img_10013,Neutrophil,irregular,unsegmented-band,yes
Img_10014,Eosinophil,round,unsegmented-band,no
Img_10015,Lymphocyte,round,unsegmented-round,no
Img_10016,Neutrophil,round,unsegmented-band,no
Img_10017,Monocyte,irregular,unsegmented-indented,yes
Img_10018,Monocyte,irregular,irregular,yes
Img_10019,Eosinophil,round,segmented-bilobed,no
Img_10020,Monocyte,irregular,irregular,yes
Img_10021,Eosinophil,round,segmented-bilobed,no
Img_10022,Lymphocyte,round,unsegmented-round,no
Img_10023,Monocyte,irregular,unsegmented-indented,yes
Img_10024,Monocyte,round,unsegmented-indented,yes
Img_10025,Neutrophil,irregular,unsegmented-band,no
Img_10026,Eosinophil,round,segmented-multilobed,no
Img_10027,Basophil,round,segmented-bilobed,no
Img_10028,Eosinophil,round,segmented-bilobed,no
Img_10029,Neutrophil,round,unsegmented-band,no
Img_10030,Eosinophil,round,segmented-bilobed,no
Img_10031,Neutrophil,round,unsegmented-band,no
Img_10032,Eosinophil,round,segmented-bilobed,no
Img_10033,Neutrophil,round,unsegmented-band,no
Img_10034,Neutrophil,round,unsegmented-band,no
Img_10035,Monocyte,irregular,irregular,yes
Img_10036,Neutrophil,irregular,segmented-multilobed,no
Img_10037,Eosinophil,round,segmented-bilobed,no
Img_10038,Eosinophil,irregular,segmented-bilobed,no
Img_10039,Eosinophil,round,segmented-bilobed,no
Img_10040,Lymphocyte,irregular,unsegmented-round,no
Img_10041,Eosinophil,round,unsegmented-band,no
Img_10042,Monocyte,irregular,irregular,yes
Img_10043,Eosinophil,round,segmented-bilobed,no
Img_10044,Basophil,round,irregular,no
Img_10045,Neutrophil,round,unsegmented-band,no
Img_10046,Lymphocyte,irregular,unsegmented-round,no
Img_10047,Basophil,round,irregular,no
Img_10048,Monocyte,irregular,irregular,yes
Img_10049,Eosinophil,round,segmented-bilobed,no
Img_10050,Eosinophil,irregular,segmented-multilobed,no
Img_10051,Eosinophil,round,segmented-bilobed,no
Img_10052,Neutrophil,round,unsegmented-band,no
Img_10053,Neutrophil,round,unsegmented-band,no
Img_10054,Neutrophil,round,unsegmented-band,no
Img_10055,Neutrophil,round,unsegmented-band,no
Img_10056,Monocyte,round,unsegmented-indented,no
Img_10057,Lymphocyte,round,unsegmented-round,no
Img_10058,Neutrophil,irregular,unsegmented-band,yes
Img_10059,Eosinophil,round,segmented-bilobed,no
Img_10060,Monocyte,round,unsegmented-indented,no
Img_10061,Neutrophil,round,unsegmented-band,no
Img_10062,Basophil,round,irregular,no
Img_10063,Eosinophil,irregular,segmented-bilobed,no
Img_10064,Eosinophil,round,segmented-bilobed,no
Img_10065,Monocyte,irregular,irregular,yes
Img_10066,Eosinophil,round,segmented-bilobed,no
Img_10067,Monocyte,irregular,irregular,yes
Img_10068,Neutrophil,round,unsegmented-band,no
Img_10069,Monocyte,irregular,irregular,yes
Img_10070,Neutrophil,round,unsegmented-band,no
Img_10071,Neutrophil,irregular,unsegmented-band,no
Img_10072,Eosinophil,round,unsegmented-indented,no
Img_10073,Lymphocyte,irregular,unsegmented-round,no
Img_10074,Eosinophil,round,segmented-bilobed,no
Img_10075,Neutrophil,round,unsegmented-band,no
Img_10076,Neutrophil,irregular,unsegmented-band,no
Img_10077,Monocyte,irregular,unsegmented-indented,yes
Img_10078,Neutrophil,round,unsegmented-band,no
Img_10079,Lymphocyte,round,unsegmented-round,no
Img_10080,Neutrophil,round,unsegmented-band,no
Img_10081,Neutrophil,round,unsegmented-band,no
Img_10082,Lymphocyte,round,unsegmented-round,no
Img_10083,Neutrophil,round,segmented-multilobed,no
Img_10084,Neutrophil,round,unsegmented-band,no
Img_10085,Basophil,round,irregular,no
Img_10086,Eosinophil,round,segmented-bilobed,no
Img_10087,Eosinophil,round,segmented-bilobed,no
Img_10088,Neutrophil,round,unsegmented-band,no
Img_10089,Neutrophil,round,unsegmented-band,no
Img_10090,Monocyte,round,unsegmented-indented,yes
Img_10091,Eosinophil,round,segmented-bilobed,no
Img_10092,Eosinophil,round,segmented-bilobed,no
Img_10093,Lymphocyte,irregular,unsegmented-round,no
Img_10094,Basophil,round,irregular,no
Img_10095,Neutrophil,round,unsegmented-band,no
Img_10096,Neutrophil,round,unsegmented-band,no
Img_10097,Eosinophil,round,segmented-multilobed,no
Img_10098,Eosinophil,round,segmented-multilobed,no
Img_10099,Basophil,round,irregular,no
Img_10100,Neutrophil,round,unsegmented-band,no
Img_10101,Neutrophil,round,unsegmented-band,no
Img_10102,Monocyte,irregular,irregular,yes
Img_10103,Lymphocyte,irregular,unsegmented-round,no
Img_10104,Eosinophil,round,unsegmented-band,no
Img_10105,Basophil,round,irregular,no
Img_10106,Neutrophil,round,unsegmented-band,no
Img_10107,Neutrophil,round,unsegmented-band,no
Img_10108,Neutrophil,round,unsegmented-band,no
Img_10109,Neutrophil,irregular,unsegmented-band,no
Img_10110,Neutrophil,round,unsegmented-band,no
Img_10111,Monocyte,irregular,unsegmented-indented,yes
Img_10112,Monocyte,irregular,unsegmented-indented,yes
Img_10113,Eosinophil,round,segmented-bilobed,no
Img_10114,Eosinophil,round,segmented-bilobed,no
Img_10115,Monocyte,round,unsegmented-indented,no
Img_10116,Eosinophil,round,segmented-bilobed,no
Img_10117,Neutrophil,irregular,unsegmented-band,no
Img_10118,Eosinophil,round,segmented-bilobed,no
Img_10119,Neutrophil,round,unsegmented-band,no
Img_10120,Lymphocyte,irregular,unsegmented-round,no
Img_10121,Eosinophil,round,segmented-bilobed,no
Img_10122,Neutrophil,round,unsegmented-band,no
Img_10123,Neutrophil,irregular,unsegmented-band,no
Img_10124,Eosinophil,round,segmented-bilobed,no
Img_10125,Neutrophil,irregular,unsegmented-band,no
Img_10126,Neutrophil,round,unsegmented-band,no
Img_10127,Eosinophil,round,segmented-bilobed,no
Img_10128,Lymphocyte,round,unsegmented-round,no
Img_10129,Neutrophil,round,unsegmented-band,no
Img_10130,Eosinophil,round,segmented-bilobed,no
Img_10131,Basophil,round,irregular,no
Img_10132,Neutrophil,round,unsegmented-band,no
Img_10133,Eosinophil,round,segmented-bilobed,no
Img_10134,Neutrophil,round,unsegmented-band,no
Img_10135,Basophil,round,irregular,no
Img_10136,Eosinophil,round,segmented-bilobed,no
Img_10137,Monocyte,irregular,unsegmented-indented,yes
Img_10138,Neutrophil,round,unsegmented-band,no
Img_10139,Eosinophil,round,segmented-bilobed,no
Img_10140,Monocyte,irregular,irregular,yes
Img_10141,Eosinophil,round,segmented-bilobed,no
Img_10142,Basophil,irregular,irregular,no
Img_10143,Lymphocyte,round,unsegmented-round,no
Img_10144,Neutrophil,round,unsegmented-band,no
Img_10145,Lymphocyte,irregular,unsegmented-round,no
Img_10146,Lymphocyte,round,unsegmented-round,no
Img_10147,Eosinophil,irregular,segmented-bilobed,no
Img_10148,Eosinophil,irregular,segmented-multilobed,no
Img_10149,Neutrophil,round,unsegmented-band,no
Img_10150,Neutrophil,round,segmented-multilobed,no
Img_10151,Eosinophil,round,segmented-bilobed,no
Img_10152,Monocyte,round,unsegmented-indented,yes
Img_10153,Neutrophil,round,unsegmented-band,no
Img_10154,Basophil,round,unsegmented-indented,no
Img_10155,Basophil,round,irregular,no
Img_10156,Neutrophil,round,unsegmented-band,no
Img_10157,Neutrophil,round,unsegmented-band,no
Img_10158,Eosinophil,round,segmented-bilobed,no
Img_10159,Eosinophil,round,segmented-bilobed,no
Img_10160,Eosinophil,round,segmented-multilobed,no
Img_10161,Monocyte,irregular,unsegmented-indented,yes
Img_10162,Monocyte,round,unsegmented-indented,no
Img_10163,Neutrophil,irregular,unsegmented-band,no
Img_10164,Lymphocyte,irregular,unsegmented-round,no
Img_10165,Neutrophil,irregular,segmented-multilobed,no
Img_10166,Basophil,round,irregular,no
Img_10167,Eosinophil,round,segmented-bilobed,no
Img_10168,Neutrophil,round,unsegmented-band,no
Img_10169,Lymphocyte,round,unsegmented-round,no
Img_10170,Eosinophil,round,segmented-bilobed,no
Img_10171,Monocyte,round,unsegmented-indented,no
Img_10172,Lymphocyte,round,unsegmented-round,no
Img_10173,Neutrophil,irregular,unsegmented-band,no
Img_10174,Eosinophil,round,unsegmented-band,no
Img_10175,Lymphocyte,round,unsegmented-round,no
Img_10176,Lymphocyte,round,unsegmented-indented,no
Img_10177,Eosinophil,round,segmented-bilobed,no
Img_10178,Basophil,round,irregular,no
Img_10179,Eosinophil,round,segmented-bilobed,no
Img_10180,Lymphocyte,round,unsegmented-round,no
Img_10181,Eosinophil,round,segmented-bilobed,no
Img_10182,Neutrophil,irregular,unsegmented-band,yes
Img_10183,Eosinophil,round,segmented-bilobed,no
Img_10184,Neutrophil,round,segmented-multilobed,no
Img_10185,Monocyte,irregular,unsegmented-indented,yes
Img_10186,Neutrophil,round,unsegmented-band,no
Img_10187,Neutrophil,round,unsegmented-band,no
Img_10188,Neutrophil,round,unsegmented-band,no
Img_10189,Eosinophil,round,segmented-bilobed,no
Img_10190,Monocyte,round,unsegmented-indented,yes
Img_10191,Eosinophil,round,segmented-multilobed,no
Img_10192,Neutrophil,irregular,unsegmented-band,no
Img_10193,Neutrophil,round,unsegmented-band,no
Img_10194,Neutrophil,round,unsegmented-band,no
Img_10195,Eosinophil,round,segmented-bilobed,no
Img_10196,Eosinophil,round,segmented-bilobed,no
Img_10197,Eosinophil,round,segmented-bilobed,no
Img_10198,Eosinophil,round,segmented-bilobed,no
Img_10199,Neutrophil,round,unsegmented-band,no
Img_10200,Basophil,round,irregular,no
Img_10201,Neutrophil,round,unsegmented-band,no
Img_10202,Neutrophil,round,segmented-multilobed,no
Img_10203,Neutrophil,irregular,unsegmented-band,no
Img_10204,Eosinophil,round,unsegmented-band,no
Img_10205,Basophil,irregular,irregular,no
Img_10206,Basophil,round,irregular,no
Img_10207,Eosinophil,irregular,unsegmented-band,no
Img_10208,Eosinophil,round,segmented-bilobed,no
Img_10209,Neutrophil,round,unsegmented-band,no
Img_10210,Monocyte,irregular,irregular,yes
Img_10211,Eosinophil,round,segmented-bilobed,no
Img_10212,Eosinophil,round,unsegmented-band,no
Img_10213,Basophil,round,irregular,no
Img_10214,Neutrophil,round,unsegmented-band,no
Img_10215,Monocyte,round,unsegmented-indented,no
Img_10216,Eosinophil,round,segmented-bilobed,no
Img_10217,Neutrophil,round,unsegmented-band,no
Img_10218,Monocyte,round,unsegmented-indented,no
Img_10219,Monocyte,round,unsegmented-indented,yes
Img_10220,Monocyte,irregular,unsegmented-indented,yes
Img_10221,Neutrophil,irregular,unsegmented-band,no
Img_10222,Neutrophil,round,unsegmented-band,no
Img_10223,Monocyte,irregular,unsegmented-indented,yes
Img_10224,Neutrophil,irregular,unsegmented-band,no
Img_10225,Basophil,irregular,irregular,no
Img_10226,Neutrophil,irregular,segmented-multilobed,no
Img_10227,Eosinophil,round,segmented-multilobed,no
Img_10228,Eosinophil,round,segmented-bilobed,no
Img_10229,Eosinophil,round,unsegmented-band,no
Img_10230,Eosinophil,round,segmented-bilobed,no
Img_10231,Basophil,round,irregular,no
Img_10232,Monocyte,irregular,unsegmented-indented,yes
Img_10233,Neutrophil,irregular,segmented-multilobed,no
Img_10234,Neutrophil,round,unsegmented-band,no
Img_10235,Neutrophil,round,unsegmented-band,no
Img_10236,Neutrophil,irregular,unsegmented-band,yes
Img_10237,Neutrophil,round,unsegmented-band,no
Img_10238,Neutrophil,irregular,unsegmented-band,no
Img_10239,Eosinophil,round,segmented-bilobed,no
Img_10240,Eosinophil,round,segmented-bilobed,no
Img_10241,Lymphocyte,round,unsegmented-round,no
Img_10242,Eosinophil,round,segmented-bilobed,no
Img_10243,Neutrophil,round,unsegmented-band,no
Img_10244,Eosinophil,round,unsegmented-band,no
Img_10245,Neutrophil,irregular,unsegmented-band,yes
Img_10246,Monocyte,irregular,unsegmented-indented,yes
Img_10247,Neutrophil,round,unsegmented-band,no
Img_10248,Basophil,round,irregular,no
Img_10249,Neutrophil,round,segmented-multilobed,no
Img_10250,Neutrophil,round,unsegmented-band,no
Img_10251,Monocyte,round,unsegmented-indented,no
Img_10252,Lymphocyte,round,unsegmented-round,no
Img_10253,Eosinophil,round,unsegmented-band,no
Img_10254,Eosinophil,round,segmented-multilobed,no
Img_10255,Neutrophil,round,unsegmented-band,no
Img_10256,Neutrophil,irregular,segmented-multilobed,no
Img_10257,Eosinophil,round,segmented-bilobed,no
Img_10258,Lymphocyte,round,unsegmented-round,no
Img_10259,Neutrophil,round,unsegmented-band,no
Img_10260,Basophil,round,irregular,no
Img_10261,Neutrophil,round,unsegmented-band,no
Img_10262,Eosinophil,irregular,segmented-bilobed,no
Img_10263,Eosinophil,round,segmented-multilobed,no
Img_10264,Basophil,round,irregular,no
Img_10265,Eosinophil,round,segmented-bilobed,no
Img_10266,Lymphocyte,round,unsegmented-round,no
Img_10267,Monocyte,round,unsegmented-indented,yes
Img_10268,Basophil,round,irregular,no
Img_10269,Neutrophil,round,unsegmented-band,no
Img_10270,Neutrophil,round,unsegmented-band,no
Img_10271,Neutrophil,round,unsegmented-band,no
Img_10272,Lymphocyte,round,unsegmented-round,no
Img_10273,Eosinophil,round,unsegmented-band,no
Img_10274,Neutrophil,round,unsegmented-band,no
Img_10275,Neutrophil,round,unsegmented-band,no
Img_10276,Monocyte,round,unsegmented-indented,no
Img_10277,Neutrophil,round,unsegmented-band,no
Img_10278,Basophil,round,irregular,no
Img_10279,Eosinophil,round,segmented-bilobed,no
Img_10280,Lymphocyte,round,unsegmented-indented,no
Img_10281,Neutrophil,round,unsegmented-band,no
Img_10282,Neutrophil,round,unsegmented-band,no
Img_10283,Eosinophil,round,segmented-bilobed,no
Img_10284,Eosinophil,round,segmented-bilobed,no
Img_10285,Neutrophil,round,unsegmented-band,no
Img_10286,Lymphocyte,irregular,unsegmented-round,no
Img_10287,Neutrophil,round,unsegmented-band,no
Img_10288,Lymphocyte,round,unsegmented-round,no
Img_10289,Monocyte,irregular,unsegmented-indented,yes
Img_10290,Eosinophil,round,segmented-bilobed,no
Img_10291,Lymphocyte,round,unsegmented-round,no
Img_10292,Monocyte,round,unsegmented-indented,no
Img_10293,Neutrophil,round,unsegmented-band,no
Img_10294,Eosinophil,round,segmented-bilobed,no
Img_10295,Lymphocyte,round,unsegmented-round,no
Img_10296,Eosinophil,round,segmented-bilobed,no
Img_10297,Lymphocyte,round,unsegmented-round,no
Img_10298,Basophil,round,irregular,no
